geracao,family,repr,team_fx,min_freq,alpha,hl,logC,depth,leaf,lr,n_iter,hidden,regime,g_elo_abs,g_form,g_gols,g_mando,g_ppg,g_descanso,g_h2h,g_rodada,g_calendario,wf,wf_soft,long,long_soft,long2,long2_soft,hard,soft,fitness,gap_meta
0,logit,bruto,True,0,1.0,4,-0.69897,3,80,0.03,300,8,True,True,True,True,True,True,True,True,True,False,1.017361,1.019983,1.006526,1.022281,1.021711,1.022388,1.015199,1.021551,1.018375,0.019285
0,ridge,bruto,True,0,1.0,4,-0.69897,3,80,0.03,300,8,True,True,True,True,True,True,True,True,True,False,1.016789,1.020143,1.007025,1.023145,1.021821,1.023088,1.015212,1.022125,1.018668,0.019297
0,mlp,bruto,True,0,1.0,4,-0.69897,3,80,0.03,300,8,True,True,True,True,True,True,True,True,True,False,1.016069,1.021134,1.007572,1.023633,1.021178,1.024149,1.01494,1.022972,1.018956,0.019025
0,ordinal,bruto,True,0,1.0,4,-0.69897,3,80,0.03,300,8,True,True,True,True,True,True,True,True,True,False,1.01792,1.020508,1.008344,1.022981,1.022804,1.023104,1.016356,1.022197,1.019277,0.020441
0,hgb,bruto,True,0,1.0,4,-0.69897,3,80,0.03,300,8,True,True,True,True,True,True,True,True,True,False,1.018686,1.020721,1.007434,1.023918,1.023392,1.023452,1.016504,1.022697,1.0196,0.020589
0,mlp,bruto,True,20,1.0,4,-0.774478,6,200,0.05,300,4,True,True,True,True,False,True,True,False,False,False,1.01874,1.020154,1.01001,1.025063,1.024031,1.024042,1.017594,1.023087,1.02034,0.021679
0,hgb,bruto,True,0,1.0,4,-1.611546,6,200,0.1,100,16,True,True,True,False,True,True,True,False,True,True,1.018535,1.020389,1.008928,1.023177,1.025713,1.025308,1.017725,1.022958,1.020342,0.021811
0,logit,bruto,True,0,1.0,2,-1.671052,3,200,0.03,300,8,True,True,False,True,True,True,True,True,True,False,1.020523,1.022787,1.010235,1.025636,1.024189,1.025202,1.018316,1.024542,1.021429,0.022401
0,ordinal,diff,False,20,1.0,8,-0.504102,6,40,0.03,300,16,True,True,True,True,True,False,True,False,False,True,1.021287,1.023342,1.0102,1.025332,1.024003,1.024763,1.018497,1.024479,1.021488,0.022582
0,ridge,bruto,True,20,1.0,4,0.644841,6,20,0.01,400,4,True,True,True,False,False,True,False,False,False,False,1.018354,1.020562,1.013249,1.027161,1.026544,1.025448,1.019382,1.02439,1.021886,0.023468
0,logit,diff,False,0,1.0,8,0.497824,6,20,0.01,200,4,True,True,False,True,False,True,True,False,False,True,1.022521,1.023759,1.01092,1.025704,1.025296,1.025315,1.019579,1.024926,1.022252,0.023664
0,ridge,diff,False,39,1.0,4,-0.926539,3,20,0.1,400,4,True,False,True,False,False,True,True,True,False,False,1.022357,1.02412,1.010536,1.02619,1.024982,1.02559,1.019292,1.0253,1.022296,0.023377
0,ordinal,bruto,False,0,0.8,8,-0.422935,6,80,0.03,100,8,True,False,True,False,True,False,False,True,True,False,1.022594,1.024328,1.011283,1.026686,1.024681,1.02622,1.019519,1.025745,1.022632,0.023605
0,ridge,diff,False,39,0.8,4,-0.273179,4,120,0.05,100,16,True,False,True,False,False,False,False,True,False,True,1.023087,1.024681,1.010283,1.026939,1.025164,1.026322,1.019511,1.025981,1.022746,0.023597
0,ordinal,bruto,True,0,0.5,8,-1.198434,2,80,0.05,100,8,True,True,False,True,False,True,True,True,True,False,1.025052,1.02531,1.015945,1.030183,1.028285,1.029296,1.023094,1.028263,1.025678,0.027179
0,knn,diff,True,20,0.8,4,0.532131,3,20,0.01,400,8,True,True,True,False,True,True,True,True,False,True,1.025758,1.029351,1.015966,1.032743,1.030246,1.031913,1.02399,1.031336,1.027663,0.028076
0,knn,bruto,True,0,1.0,4,-0.69897,3,80,0.03,300,8,True,True,True,True,True,True,True,True,True,False,1.02677,1.030111,1.017703,1.033548,1.029425,1.03236,1.024632,1.032007,1.02832,0.028718
0,rf,bruto,True,0,1.0,4,-0.69897,3,80,0.03,300,8,True,True,True,True,True,True,True,True,True,False,1.028103,1.028594,1.019413,1.033061,1.030801,1.031576,1.026106,1.031077,1.028591,0.030191
0,ridge,bruto,False,39,0.0,8,-0.501898,2,120,0.05,300,16,True,False,True,True,False,False,False,True,True,True,1.028309,1.03052,1.018107,1.036267,1.030668,1.033303,1.025694,1.033363,1.029529,0.02978
0,ridge,bruto,False,39,0.0,2,-0.991124,2,120,0.1,400,4,True,False,True,False,True,True,True,False,True,False,1.030838,1.032204,1.014944,1.035231,1.034052,1.036495,1.026612,1.034643,1.030627,0.030697
0,knn,bruto,False,39,0.5,8,0.361318,2,200,0.1,100,4,True,True,True,False,False,True,False,True,True,False,1.030737,1.031999,1.020195,1.035818,1.033975,1.035264,1.028302,1.03436,1.031331,0.032388
0,rf,bruto,False,20,1.0,0,-1.681384,3,120,0.03,200,4,True,True,True,True,False,False,False,True,False,True,1.03076,1.031551,1.022357,1.036307,1.033453,1.035123,1.028857,1.034327,1.031592,0.032942
0,et,bruto,True,0,1.0,4,-0.69897,3,80,0.03,300,8,True,True,True,True,True,True,True,True,True,False,1.032246,1.033588,1.025181,1.038806,1.035963,1.037314,1.03113,1.03657,1.03385,0.035216
0,knn,diff,True,39,0.5,4,-1.537513,3,120,0.1,400,16,True,False,True,True,False,False,True,True,False,False,1.032104,1.035041,1.025177,1.039994,1.037044,1.038121,1.031442,1.037719,1.03458,0.035527
0,ordinal,diff,True,0,0.8,4,-1.628999,4,200,0.1,100,16,True,False,False,True,False,False,False,True,False,False,1.033905,1.032923,1.026929,1.037814,1.042557,1.040092,1.034464,1.036943,1.035703,0.038549
0,knn,bruto,True,20,0.8,4,-1.621083,3,200,0.03,200,16,True,False,True,True,False,False,True,False,False,True,1.034914,1.037729,1.027312,1.042782,1.037983,1.040564,1.033403,1.040358,1.036881,0.037489
0,rf,bruto,True,39,0.0,4,0.151406,2,200,0.05,400,8,True,True,False,False,False,True,False,True,True,False,1.035849,1.036143,1.025834,1.04112,1.040485,1.043616,1.034056,1.040293,1.037175,0.038142
0,et,diff,False,39,1.0,8,-1.22198,6,40,0.03,300,16,True,False,True,False,True,False,False,False,False,False,1.034902,1.038177,1.028605,1.043531,1.038006,1.040947,1.033838,1.040885,1.037361,0.037923
0,et,bruto,False,0,1.0,4,-0.876091,4,200,0.05,400,8,True,True,True,True,False,True,True,True,False,False,1.038628,1.040471,1.033188,1.047704,1.043527,1.046061,1.038448,1.044746,1.041597,0.042533
0,ridge,diff,True,39,0.5,4,0.437026,3,40,0.05,400,4,True,False,True,False,False,True,False,True,True,True,1.031667,1.03383,1.042247,1.055266,1.043594,1.043738,1.039169,1.044278,1.041723,0.043255
0,hgb,bruto,True,39,0.5,2,-1.878741,6,40,0.02,400,8,True,True,False,False,False,True,False,False,True,True,1.046444,1.043971,1.042025,1.056226,1.051322,1.054881,1.046597,1.051693,1.049145,0.050683
0,knn,diff,False,0,0.0,8,-0.162071,4,20,0.03,100,8,True,True,False,True,True,True,False,True,True,False,1.108311,1.103,1.109058,1.115543,1.130648,1.116336,1.116005,1.111626,1.113816,0.120091
1,logit,bruto,True,0,1.0,4,-0.69897,3,80,0.03,300,8,True,True,True,True,True,True,True,True,True,False,1.017361,1.019983,1.006526,1.022281,1.021711,1.022388,1.015199,1.021551,1.018375,0.019285
1,logit,bruto,True,0,1.0,4,-1.035801,2,20,0.03,100,8,True,True,True,True,True,True,True,True,True,False,1.017898,1.020317,1.006656,1.022476,1.021809,1.022543,1.015454,1.021779,1.018616,0.01954
1,ridge,bruto,True,0,1.0,4,-0.69897,3,80,0.03,300,8,True,True,True,True,True,True,True,True,True,False,1.016789,1.020143,1.007025,1.023145,1.021821,1.023088,1.015212,1.022125,1.018668,0.019297
1,logit,diff,True,0,1.0,2,-0.69897,3,20,0.03,200,4,True,True,True,True,False,True,True,False,False,True,1.01754,1.020114,1.006746,1.022407,1.022965,1.022638,1.01575,1.021719,1.018735,0.019836
1,ridge,bruto,True,0,1.0,4,-0.69897,3,200,0.1,100,8,True,False,True,True,True,True,True,False,True,True,1.01672,1.020311,1.007467,1.023391,1.021962,1.023164,1.015383,1.022289,1.018836,0.019469
1,mlp,bruto,True,0,1.0,4,-0.69897,3,80,0.03,300,8,True,True,True,True,True,True,True,True,True,False,1.016069,1.021134,1.007572,1.023633,1.021178,1.024149,1.01494,1.022972,1.018956,0.019025
1,logit,bruto,True,0,1.0,4,-0.69897,3,80,0.1,300,8,True,True,True,False,True,True,True,True,True,False,1.018194,1.02055,1.00782,1.02311,1.022699,1.023231,1.016238,1.022297,1.019267,0.020323
1,ordinal,bruto,True,0,1.0,4,-0.69897,3,80,0.03,300,8,True,True,True,True,True,True,True,True,True,False,1.01792,1.020508,1.008344,1.022981,1.022804,1.023104,1.016356,1.022197,1.019277,0.020441
1,ordinal,bruto,True,0,1.0,4,-0.69897,3,80,0.02,400,8,True,True,True,True,True,True,True,True,True,False,1.01792,1.020508,1.008344,1.022981,1.022804,1.023104,1.016356,1.022197,1.019277,0.020441
1,hgb,bruto,True,0,1.0,4,-0.774478,6,80,0.03,300,8,True,True,True,True,False,True,True,False,False,False,1.018601,1.020647,1.007326,1.023465,1.02314,1.022911,1.016355,1.022341,1.019348,0.020441
1,ridge,bruto,True,0,1.0,4,-0.69897,3,80,0.05,100,8,True,True,False,True,True,True,True,True,True,False,1.017444,1.020469,1.007969,1.023788,1.022727,1.023804,1.016046,1.022687,1.019367,0.020132
1,ridge,diff,False,20,1.0,8,-0.501898,2,40,0.01,300,4,True,True,True,True,True,False,False,True,False,True,1.020479,1.022946,1.008324,1.024965,1.023012,1.024255,1.017271,1.024055,1.020663,0.021357
1,ridge,diff,True,39,1.0,4,-0.684835,6,20,0.05,300,4,True,True,True,False,False,True,True,False,False,False,1.018827,1.020243,1.012047,1.025647,1.025868,1.024368,1.018914,1.023419,1.021167,0.023
1,logit,bruto,False,0,1.0,8,-0.930524,6,80,0.03,100,8,True,True,True,True,True,True,True,True,True,False,1.021368,1.023315,1.009961,1.025375,1.023762,1.024891,1.018364,1.024527,1.021445,0.022449
1,ordinal,diff,False,0,1.0,4,0.034737,6,20,0.01,200,4,True,False,True,False,False,False,False,False,True,False,1.021923,1.023695,1.010804,1.025735,1.024096,1.024959,1.018941,1.024796,1.021869,0.023027
1,logit,diff,True,39,1.0,8,0.7,6,20,0.01,200,4,True,True,True,False,False,False,True,False,False,False,1.019864,1.020681,1.013624,1.026678,1.02594,1.02455,1.019809,1.02397,1.021889,0.023895
1,ridge,bruto,False,0,1.0,4,0.644841,6,120,0.01,400,4,True,True,True,False,True,True,True,True,False,False,1.021928,1.023857,1.01033,1.026108,1.024312,1.025513,1.018857,1.025159,1.022008,0.022942
1,ridge,diff,True,39,1.0,4,0.538131,6,40,0.1,400,4,True,True,True,False,False,True,True,True,False,False,1.019151,1.020544,1.013435,1.026821,1.027327,1.025607,1.019971,1.024324,1.022147,0.024057
1,hgb,diff,False,20,1.0,4,-0.504102,6,80,0.03,300,16,True,True,True,True,True,False,True,False,True,True,1.021796,1.025393,1.008822,1.026677,1.024624,1.027038,1.018414,1.026369,1.022392,0.0225
1,logit,diff,True,0,1.0,2,-1.947307,3,80,0.03,100,8,True,True,False,True,True,True,True,True,True,False,1.02229,1.024143,1.011757,1.027145,1.025955,1.026564,1.020001,1.025951,1.022976,0.024086
1,hgb,bruto,False,0,1.0,4,-0.69897,3,120,0.03,200,8,True,True,True,True,True,True,False,True,True,True,1.022648,1.024026,1.013067,1.027619,1.025573,1.026695,1.020429,1.026113,1.023271,0.024515
1,hgb,bruto,False,0,1.0,4,-0.69897,3,200,0.03,300,8,True,True,True,True,True,True,True,True,True,False,1.023039,1.024233,1.013545,1.027817,1.025665,1.026677,1.020749,1.026242,1.023496,0.024835
1,ordinal,bruto,True,0,0.5,8,-0.567079,3,80,0.05,300,8,True,True,False,False,True,True,True,True,True,False,1.024476,1.025791,1.016917,1.032471,1.028858,1.030879,1.023417,1.029714,1.026565,0.027503
1,hgb,diff,False,39,0.8,4,-1.611546,4,120,0.1,100,16,True,True,True,True,True,True,True,False,True,True,1.027104,1.02725,1.015866,1.030238,1.030704,1.030366,1.024558,1.029285,1.026921,0.028644
1,knn,bruto,True,0,1.0,4,-0.69897,3,80,0.03,300,4,True,True,True,True,True,True,True,True,True,False,1.02677,1.030111,1.017703,1.033548,1.029425,1.03236,1.024632,1.032007,1.02832,0.028718
1,ridge,diff,False,39,0.0,4,-0.926539,2,120,0.1,400,4,True,False,True,False,True,True,True,True,True,False,1.030512,1.031134,1.012739,1.032693,1.033991,1.035228,1.025747,1.033018,1.029383,0.029833
1,rf,bruto,True,0,0.5,4,-0.69897,3,80,0.03,100,8,True,True,False,True,False,True,True,True,True,False,1.030538,1.030153,1.019951,1.034575,1.032236,1.034011,1.027575,1.032913,1.030244,0.031661
1,knn,bruto,True,0,0.5,4,-0.531405,3,80,0.05,400,16,True,True,True,True,True,True,False,True,True,False,1.027822,1.032677,1.017791,1.036797,1.032519,1.036245,1.026044,1.035239,1.030642,0.030129
1,hgb,bruto,False,0,0.5,4,-0.69897,2,40,0.03,300,4,True,True,True,True,True,True,True,True,False,False,1.032248,1.031546,1.018824,1.03587,1.035656,1.039482,1.028909,1.035633,1.032271,0.032994
1,rf,bruto,True,0,1.0,4,-0.746864,6,200,0.03,100,16,True,True,True,True,True,True,True,True,True,False,1.03147,1.033241,1.024793,1.039248,1.035744,1.038204,1.030669,1.036898,1.033783,0.034754
1,rf,bruto,False,0,1.0,4,-1.203668,3,200,0.03,300,8,True,True,True,False,True,True,True,True,True,False,1.03168,1.033252,1.025057,1.039314,1.036299,1.038506,1.031012,1.037024,1.034018,0.035097
1,ridge,bruto,True,39,0.0,8,-0.69897,2,80,0.03,100,8,True,False,True,True,False,True,True,False,True,False,1.031783,1.033175,1.025822,1.044154,1.03995,1.040402,1.032518,1.039244,1.035881,0.036604
2,logit,bruto,True,0,1.0,4,-0.69897,3,80,0.03,300,8,True,True,True,True,True,True,True,True,True,False,1.017361,1.019983,1.006526,1.022281,1.021711,1.022388,1.015199,1.021551,1.018375,0.019285
2,logit,bruto,True,0,1.0,4,-0.875166,2,80,0.03,100,8,True,True,True,True,True,True,True,True,True,False,1.017602,1.020102,1.006442,1.02226,1.021722,1.022388,1.015255,1.021583,1.018419,0.019341
2,logit,bruto,True,0,1.0,4,-0.55487,4,20,0.02,100,8,True,True,True,True,True,True,True,True,True,False,1.01723,1.019968,1.006756,1.022419,1.021836,1.0225,1.015274,1.021629,1.018452,0.01936
2,logit,bruto,True,0,1.0,4,-1.035801,2,20,0.03,100,8,True,True,True,True,True,True,True,True,True,False,1.017898,1.020317,1.006656,1.022476,1.021809,1.022543,1.015454,1.021779,1.018616,0.01954
2,ridge,bruto,True,0,1.0,4,-0.69897,3,80,0.03,300,8,True,True,True,True,True,True,True,True,True,False,1.016789,1.020143,1.007025,1.023145,1.021821,1.023088,1.015212,1.022125,1.018668,0.019297
2,logit,diff,True,0,1.0,2,-0.69897,3,20,0.03,200,4,True,True,True,True,False,True,True,False,False,True,1.01754,1.020114,1.006746,1.022407,1.022965,1.022638,1.01575,1.021719,1.018735,0.019836
2,logit,diff,True,0,1.0,4,-0.69897,2,20,0.03,200,4,True,True,True,True,False,True,True,False,True,False,1.017954,1.020088,1.006977,1.022357,1.022825,1.022607,1.015919,1.021684,1.018801,0.020004
2,logit,bruto,True,20,1.0,4,-0.69897,3,80,0.03,300,8,True,True,True,True,True,True,True,True,True,False,1.017314,1.019261,1.008785,1.023047,1.02285,1.022238,1.016316,1.021516,1.018916,0.020402
2,logit,diff,True,20,1.0,2,-0.69897,2,80,0.03,300,4,True,True,True,True,False,True,False,True,False,True,1.017216,1.019353,1.008516,1.022856,1.023636,1.022264,1.016456,1.021491,1.018974,0.020542
2,ridge,bruto,True,0,1.0,4,-0.69897,6,200,0.1,400,8,True,True,True,True,False,True,True,True,True,True,1.01686,1.02027,1.007876,1.023396,1.022529,1.023103,1.015755,1.022256,1.019006,0.019841
2,ridge,bruto,True,0,1.0,4,-0.709312,3,80,0.03,300,8,True,True,False,True,True,False,True,True,True,False,1.017258,1.02045,1.007819,1.023788,1.022293,1.023622,1.01579,1.02262,1.019205,0.019876
2,logit,bruto,True,0,1.0,4,-0.789199,3,80,0.1,300,8,True,True,True,False,True,True,True,True,True,False,1.018283,1.020594,1.007769,1.023075,1.022655,1.0232,1.016236,1.02229,1.019263,0.020321
2,ordinal,bruto,True,0,1.0,4,-0.336742,3,80,0.03,300,8,True,True,True,True,True,True,True,True,True,False,1.017418,1.020423,1.008634,1.023314,1.022684,1.023247,1.016245,1.022328,1.019287,0.020331
2,mlp,bruto,True,0,1.0,4,-0.69897,3,80,0.03,100,8,True,True,True,True,True,True,True,True,True,True,1.014908,1.022483,1.006384,1.024802,1.023117,1.024385,1.014803,1.02389,1.019346,0.018888
2,ridge,diff,True,0,1.0,2,-0.69897,3,80,0.05,100,8,True,True,False,False,True,True,True,True,False,False,1.017306,1.020541,1.00794,1.023701,1.023937,1.02408,1.016394,1.022774,1.019584,0.02048
2,ridge,bruto,True,0,1.0,4,-0.69897,3,80,0.1,100,8,True,True,True,False,False,True,True,True,True,False,1.017698,1.020791,1.008596,1.024148,1.022988,1.023841,1.016427,1.022927,1.019677,0.020513
2,logit,bruto,True,0,0.8,4,-0.69897,3,80,0.1,300,8,True,True,True,True,True,True,True,True,True,False,1.019171,1.021379,1.007838,1.024574,1.0227,1.024401,1.01657,1.023451,1.020011,0.020655
2,ridge,diff,True,39,1.0,4,-1.371818,2,200,0.1,100,4,True,True,True,False,False,True,True,True,False,False,1.018838,1.020254,1.009978,1.024126,1.024174,1.023193,1.017664,1.022524,1.020094,0.021749
2,ridge,bruto,True,39,1.0,4,-0.13219,6,200,0.03,300,8,True,True,True,True,True,True,True,False,False,False,1.017553,1.019783,1.010813,1.025406,1.02421,1.023731,1.017525,1.022973,1.020249,0.021611
2,ridge,diff,True,39,1.0,0,-0.89187,2,40,0.05,300,8,True,True,True,True,False,True,True,True,False,False,1.019186,1.020113,1.010313,1.024459,1.0246,1.023218,1.018033,1.022597,1.020315,0.022119
2,ordinal,bruto,True,0,1.0,4,-1.080856,2,80,0.1,100,8,True,True,True,True,True,True,False,False,True,False,1.019982,1.021778,1.010404,1.024386,1.025083,1.024729,1.01849,1.023631,1.02106,0.022575
2,logit,bruto,False,0,1.0,8,-0.69897,6,80,0.1,300,8,True,False,True,True,True,True,True,False,True,False,1.021268,1.023375,1.00976,1.025311,1.023439,1.024769,1.018156,1.024485,1.02132,0.022241
2,logit,diff,False,20,1.0,8,-0.825173,2,40,0.03,300,4,True,False,True,True,True,True,False,False,True,True,1.021446,1.023555,1.009651,1.025417,1.024365,1.02492,1.018487,1.024631,1.021559,0.022573
2,ridge,bruto,False,0,1.0,4,-0.69897,3,80,0.03,300,8,True,True,False,False,True,True,True,False,True,False,1.021962,1.023951,1.010388,1.02626,1.024386,1.025656,1.018912,1.025289,1.022101,0.022998
2,ridge,diff,False,39,1.0,4,-0.684835,3,20,0.03,300,4,True,False,True,False,False,True,True,False,False,True,1.022515,1.024185,1.010603,1.026158,1.025034,1.025564,1.019384,1.025302,1.022343,0.02347
2,logit,diff,False,0,1.0,2,0.128882,3,20,0.03,200,4,True,True,True,False,False,False,False,False,True,True,1.021839,1.023651,1.011551,1.026384,1.025089,1.025553,1.019493,1.025196,1.022344,0.023579
2,logit,diff,False,39,1.0,2,0.7,6,20,0.01,100,4,True,True,True,False,True,True,True,True,False,False,1.022473,1.023954,1.011122,1.02606,1.025466,1.02563,1.019687,1.025214,1.022451,0.023772
2,ordinal,bruto,False,0,1.0,4,-1.035801,6,20,0.03,100,4,True,True,True,True,True,False,True,True,True,False,1.022658,1.02443,1.012568,1.026977,1.02614,1.026626,1.020455,1.026011,1.023233,0.024541
2,hgb,bruto,False,0,1.0,4,-0.930524,3,120,0.03,200,8,True,True,True,True,True,True,True,True,True,True,1.022903,1.024064,1.013048,1.027669,1.025799,1.026773,1.020583,1.026168,1.023376,0.024669
2,hgb,bruto,True,20,0.8,4,-0.83811,3,120,0.1,100,8,True,True,True,True,True,True,True,False,True,True,1.022995,1.022772,1.015434,1.028782,1.025223,1.027232,1.021217,1.026262,1.02374,0.025303
2,logit,bruto,False,39,1.0,2,-2.0,3,80,0.03,100,8,True,True,False,True,True,False,True,True,True,False,1.02236,1.025205,1.012885,1.028577,1.025793,1.027686,1.020346,1.027156,1.023751,0.024431
2,et,bruto,True,0,1.0,8,-1.037356,3,40,0.03,300,8,True,True,True,False,True,True,True,True,True,False,1.030563,1.032046,1.022597,1.03642,1.033588,1.035015,1.028916,1.034494,1.031705,0.033001
3,ridge,bruto,True,0,1.0,4,-1.080856,2,80,0.03,100,16,True,False,True,True,True,True,False,False,True,False,1.016754,1.020031,1.005786,1.022447,1.020929,1.022391,1.01449,1.021623,1.018057,0.018575
3,logit,bruto,True,0,1.0,2,-0.509407,2,20,0.03,100,8,True,True,True,True,True,True,True,True,True,False,1.016676,1.019899,1.006511,1.022418,1.021647,1.022445,1.014945,1.021587,1.018266,0.01903
3,logit,bruto,True,0,1.0,4,-0.69897,3,80,0.03,300,8,True,True,True,True,True,True,True,True,True,False,1.017361,1.019983,1.006526,1.022281,1.021711,1.022388,1.015199,1.021551,1.018375,0.019285
3,logit,bruto,True,0,1.0,4,-0.875166,2,80,0.03,100,8,True,True,True,True,True,True,True,True,True,False,1.017602,1.020102,1.006442,1.02226,1.021722,1.022388,1.015255,1.021583,1.018419,0.019341
3,logit,bruto,True,0,1.0,4,-0.55487,4,20,0.02,100,8,True,True,True,True,True,True,True,True,True,False,1.01723,1.019968,1.006756,1.022419,1.021836,1.0225,1.015274,1.021629,1.018452,0.01936
3,ridge,bruto,True,0,1.0,4,-0.826125,3,80,0.1,300,8,True,True,True,True,True,False,True,False,True,True,1.016439,1.020103,1.007168,1.023091,1.021847,1.022928,1.015151,1.022041,1.018596,0.019237
3,logit,bruto,True,0,1.0,4,-1.035801,2,20,0.03,100,8,True,True,True,True,True,True,True,True,True,False,1.017898,1.020317,1.006656,1.022476,1.021809,1.022543,1.015454,1.021779,1.018616,0.01954
3,logit,bruto,True,0,1.0,4,-0.69897,2,200,0.1,300,8,True,True,True,True,False,True,True,True,True,True,1.017471,1.020212,1.007214,1.022619,1.022289,1.022467,1.015658,1.021766,1.018712,0.019744
3,logit,diff,True,0,1.0,2,-0.69897,3,20,0.03,200,8,True,True,True,True,False,True,True,True,False,False,1.017487,1.02011,1.006723,1.022446,1.022898,1.022664,1.015702,1.02174,1.018721,0.019788
3,ridge,diff,True,0,1.0,4,-0.841324,2,200,0.1,100,4,True,True,True,True,False,True,True,False,False,False,1.017193,1.020116,1.006963,1.022933,1.022981,1.023194,1.015712,1.022081,1.018897,0.019798
3,ridge,diff,True,0,1.0,4,-0.69897,2,80,0.03,200,8,True,True,True,True,False,True,True,True,True,False,1.017306,1.020273,1.00733,1.023274,1.023121,1.023514,1.015919,1.022353,1.019136,0.020004
3,logit,bruto,True,39,1.0,4,-0.57849,4,40,0.02,400,8,True,True,True,True,True,False,False,True,False,True,1.017497,1.019374,1.009352,1.023764,1.022888,1.022574,1.016579,1.021904,1.019242,0.020665
3,logit,bruto,True,0,1.0,4,-0.69897,3,80,0.03,100,8,True,True,False,True,True,True,False,True,True,True,1.017888,1.020376,1.007904,1.023109,1.023021,1.023248,1.016271,1.022244,1.019258,0.020357
3,ridge,diff,True,0,1.0,2,-0.69897,3,20,0.03,100,4,True,True,True,False,False,False,True,True,False,False,1.016922,1.020574,1.007929,1.023993,1.022659,1.02367,1.015837,1.022746,1.019291,0.019922
3,ridge,bruto,True,0,1.0,4,-0.691008,3,80,0.03,300,8,True,True,False,False,True,False,True,True,True,False,1.017256,1.020753,1.008301,1.024143,1.022363,1.023857,1.015974,1.022918,1.019446,0.020059
3,logit,bruto,True,0,1.0,0,-0.57028,3,80,0.03,100,8,True,True,False,True,True,True,True,True,True,False,1.018838,1.020735,1.008225,1.023333,1.023025,1.023393,1.016696,1.022487,1.019592,0.020782
3,ridge,diff,True,0,1.0,8,-0.55487,4,20,0.02,100,8,True,True,True,True,True,True,True,True,True,False,1.017937,1.020605,1.008123,1.023698,1.023801,1.024094,1.01662,1.022799,1.01971,0.020706
3,ridge,bruto,True,0,1.0,4,-0.062468,2,80,0.1,300,8,True,True,True,True,True,True,True,True,True,False,1.017103,1.020647,1.008845,1.024557,1.02304,1.024399,1.016329,1.023201,1.019765,0.020415
3,logit,bruto,True,0,0.8,4,-0.822072,3,80,0.03,300,8,True,True,True,True,False,True,True,True,True,False,1.019247,1.021261,1.008063,1.024359,1.022525,1.023832,1.016612,1.023151,1.019881,0.020697
3,logit,diff,True,0,1.0,4,-0.505465,6,80,0.03,400,8,True,True,False,True,True,True,True,True,True,True,1.01845,1.02054,1.008666,1.023363,1.024608,1.023771,1.017241,1.022558,1.0199,0.021327
3,ridge,diff,True,39,1.0,2,-0.565128,3,80,0.03,300,8,True,True,True,True,False,True,True,True,False,False,1.016939,1.019424,1.01022,1.024997,1.024698,1.023543,1.017285,1.022655,1.01997,0.021371
3,ordinal,bruto,True,20,1.0,4,-0.593391,3,20,0.03,300,8,True,True,True,True,False,True,True,True,False,False,1.018035,1.019774,1.010922,1.02413,1.024396,1.022943,1.017784,1.022282,1.020033,0.02187
3,logit,diff,True,39,1.0,0,-0.671997,2,40,0.05,100,8,True,True,True,True,True,True,True,True,False,False,1.019493,1.01991,1.010241,1.023736,1.024492,1.022712,1.018075,1.02212,1.020097,0.022161
3,ordinal,bruto,True,0,1.0,2,-0.931912,2,200,0.1,300,8,True,True,True,True,False,True,False,True,True,False,1.019434,1.021572,1.009938,1.024124,1.024566,1.024102,1.017979,1.023266,1.020623,0.022065
3,logit,bruto,True,0,0.8,4,-0.537179,6,120,0.05,300,8,True,True,True,True,True,True,True,True,True,True,1.019323,1.021854,1.011287,1.026434,1.023719,1.025152,1.01811,1.02448,1.021295,0.022195
3,ordinal,bruto,False,0,1.0,0,-0.336742,6,80,0.03,300,16,True,True,True,True,True,True,True,True,True,False,1.021361,1.023451,1.010127,1.025371,1.023883,1.024935,1.018457,1.024586,1.021521,0.022542
3,logit,bruto,False,20,1.0,4,-1.096337,2,20,0.02,300,8,True,True,True,True,True,True,False,True,True,True,1.021098,1.023363,1.010048,1.025627,1.023982,1.025051,1.018376,1.024681,1.021528,0.022462
3,mlp,bruto,False,0,1.0,4,-0.69897,3,80,0.03,100,8,True,True,True,True,True,True,True,True,True,True,1.020119,1.024744,1.009236,1.02662,1.022634,1.025994,1.01733,1.025786,1.021558,0.021415
3,ridge,diff,False,0,1.0,4,-1.035801,3,80,0.02,100,8,True,True,False,True,True,True,True,True,False,False,1.022084,1.023837,1.009936,1.025936,1.02521,1.02564,1.019077,1.025138,1.022107,0.023162
3,logit,bruto,False,0,1.0,4,-0.469388,3,20,0.03,100,8,True,True,True,False,True,True,False,True,True,False,1.022142,1.023812,1.010989,1.026106,1.024525,1.025516,1.019219,1.025145,1.022182,0.023304
3,ordinal,diff,True,39,1.0,4,-1.371818,2,200,0.03,300,4,True,True,True,True,False,False,True,True,False,True,1.024409,1.02446,1.01687,1.028538,1.031062,1.028774,1.024114,1.027257,1.025685,0.028199
3,rf,bruto,True,0,1.0,0,-1.035801,2,20,0.05,100,16,True,True,True,True,True,True,False,True,True,True,1.027418,1.027341,1.017036,1.030629,1.028228,1.029,1.024227,1.02899,1.026609,0.028313
4,ridge,bruto,True,0,1.0,4,-1.080856,2,80,0.03,100,16,True,False,True,True,True,True,False,False,True,False,1.016754,1.020031,1.005786,1.022447,1.020929,1.022391,1.01449,1.021623,1.018057,0.018575
4,ridge,bruto,True,0,1.0,4,-1.080856,2,200,0.05,400,8,True,False,True,True,True,True,False,False,False,True,1.016863,1.020044,1.005917,1.022477,1.021219,1.022428,1.014666,1.02165,1.018158,0.018752
4,logit,bruto,True,0,1.0,2,-0.509407,2,20,0.03,100,8,True,True,True,True,True,True,True,True,True,False,1.016676,1.019899,1.006511,1.022418,1.021647,1.022445,1.014945,1.021587,1.018266,0.01903
4,logit,bruto,True,0,1.0,4,-0.69897,3,80,0.03,300,8,True,True,True,True,True,True,True,True,True,False,1.017361,1.019983,1.006526,1.022281,1.021711,1.022388,1.015199,1.021551,1.018375,0.019285
4,logit,bruto,True,0,1.0,4,-0.662596,3,80,0.03,300,8,True,True,True,True,True,True,True,True,False,False,1.017354,1.019952,1.00659,1.022308,1.021868,1.022422,1.015271,1.021561,1.018416,0.019357
4,logit,bruto,True,0,1.0,4,-0.875166,2,80,0.03,100,8,True,True,True,True,True,True,True,True,True,False,1.017602,1.020102,1.006442,1.02226,1.021722,1.022388,1.015255,1.021583,1.018419,0.019341
4,ridge,bruto,True,0,1.0,8,-0.875166,2,80,0.1,300,8,True,True,True,True,True,True,True,True,True,False,1.017195,1.020197,1.006788,1.022889,1.021676,1.022854,1.01522,1.02198,1.0186,0.019305
4,logit,bruto,True,0,1.0,4,-1.035801,2,20,0.03,300,8,True,True,True,True,True,True,True,True,True,False,1.017898,1.020317,1.006656,1.022476,1.021809,1.022543,1.015454,1.021779,1.018616,0.01954
4,logit,bruto,True,20,1.0,2,-0.875166,3,80,0.03,100,8,True,True,True,True,True,True,True,True,False,False,1.017069,1.019514,1.008093,1.022706,1.022416,1.022061,1.015859,1.021427,1.018643,0.019945
4,logit,bruto,True,0,1.0,4,-0.366265,2,20,0.03,100,8,True,True,True,True,True,True,True,True,True,False,1.017244,1.020038,1.007188,1.022727,1.022029,1.022756,1.015487,1.021841,1.018664,0.019573
4,logit,bruto,True,0,1.0,4,-0.78248,2,120,0.02,300,8,True,True,True,True,False,True,True,True,True,True,1.017574,1.020238,1.007063,1.022535,1.022256,1.022445,1.015631,1.021739,1.018685,0.019716
4,logit,bruto,True,0,1.0,4,-1.095411,2,40,0.03,100,8,True,True,True,True,True,True,True,True,True,False,1.018024,1.02042,1.006784,1.022595,1.02189,1.022636,1.015566,1.021884,1.018725,0.019651
4,logit,diff,True,0,1.0,2,-0.525189,3,20,0.03,300,8,True,True,True,True,False,True,True,True,False,False,1.017284,1.02,1.006837,1.022483,1.023042,1.022739,1.015721,1.021741,1.018731,0.019806
4,logit,diff,True,0,1.0,2,-0.342189,2,20,0.03,200,8,True,True,True,True,True,True,True,True,False,False,1.017075,1.019951,1.006959,1.022564,1.023137,1.022891,1.015724,1.021802,1.018763,0.019809
4,ridge,bruto,True,0,1.0,4,-1.080856,2,20,0.05,100,16,True,False,True,False,True,True,False,True,True,False,1.017637,1.020615,1.007063,1.02328,1.021928,1.023238,1.015543,1.022378,1.01896,0.019628
4,ridge,diff,True,0,1.0,4,-0.69897,2,200,0.1,300,4,True,True,True,True,False,True,True,False,True,False,1.017265,1.02026,1.007338,1.023265,1.02313,1.023511,1.015911,1.022345,1.019128,0.019996
4,logit,bruto,True,39,1.0,4,-0.779623,3,20,0.03,200,8,True,True,True,True,True,True,True,True,True,False,1.017853,1.01955,1.009126,1.023382,1.022873,1.022415,1.016617,1.021783,1.0192,0.020703
4,logit,bruto,True,0,1.0,4,-0.69897,2,80,0.03,300,8,True,True,True,False,True,True,True,True,True,False,1.018194,1.02055,1.00782,1.02311,1.022699,1.023231,1.016238,1.022297,1.019267,0.020323
4,mlp,bruto,True,0,1.0,4,-1.366579,3,80,0.05,300,8,True,True,True,False,True,True,False,True,True,False,1.018357,1.020789,1.007069,1.023337,1.022573,1.023503,1.016,1.022543,1.019271,0.020085
4,logit,diff,True,0,1.0,4,-0.841324,2,200,0.1,100,4,True,True,False,True,False,True,True,True,True,False,1.018631,1.020474,1.007591,1.022807,1.023338,1.023061,1.01652,1.022114,1.019317,0.020606
4,logit,bruto,True,39,1.0,4,-0.48071,4,40,0.05,100,8,True,True,True,True,True,True,True,True,False,False,1.017671,1.019445,1.00967,1.023914,1.023344,1.02275,1.016895,1.022036,1.019466,0.020981
4,ridge,diff,True,20,1.0,2,-0.69897,3,80,0.03,200,8,True,False,True,True,False,True,True,True,True,False,1.016643,1.019521,1.009328,1.024426,1.023988,1.023172,1.016653,1.022373,1.019513,0.020739
4,ridge,bruto,True,20,1.0,4,-0.826125,3,80,0.1,200,8,True,True,False,True,True,False,True,False,True,True,1.017422,1.019623,1.011269,1.02517,1.024389,1.023603,1.017694,1.022799,1.020246,0.021779
4,ridge,bruto,True,20,1.0,4,-0.352245,2,200,0.03,300,8,True,True,True,True,False,True,True,True,True,False,1.017462,1.019777,1.011016,1.025373,1.024528,1.023674,1.017669,1.022941,1.020305,0.021754
4,logit,bruto,False,39,1.0,4,-0.730037,4,120,0.1,300,8,True,False,True,True,False,False,False,False,True,True,1.020856,1.023321,1.009518,1.025327,1.023445,1.024451,1.01794,1.024366,1.021153,0.022025
4,logit,bruto,False,0,1.0,4,-0.888221,3,200,0.03,100,8,True,True,True,True,True,True,False,True,False,True,1.02117,1.023199,1.009896,1.025433,1.023897,1.024876,1.018321,1.024503,1.021412,0.022407
4,logit,bruto,False,0,0.8,4,-1.056892,3,80,0.03,300,8,True,True,False,True,True,True,False,True,True,False,1.023229,1.024326,1.011472,1.026974,1.025571,1.026553,1.020091,1.025951,1.023021,0.024176
4,rf,bruto,False,39,1.0,2,-0.964401,3,80,0.03,300,8,True,True,True,True,False,True,True,True,False,False,1.028953,1.028429,1.019534,1.033372,1.031153,1.031571,1.026547,1.031124,1.028835,0.030632
4,ridge,bruto,False,0,0.5,4,0.022218,3,80,0.02,400,8,True,True,True,True,True,True,True,True,True,True,1.030495,1.032023,1.022696,1.04013,1.033968,1.036037,1.029053,1.036063,1.032558,0.033139
4,logit,bruto,True,0,0.0,4,-0.55487,4,20,0.02,100,8,True,True,True,False,True,False,True,True,True,False,1.043816,1.047614,1.036762,1.05939,1.04929,1.058421,1.043289,1.055142,1.049216,0.047375
4,logit,bruto,True,0,0.0,4,-0.69897,3,200,0.1,100,16,True,True,False,True,False,True,True,False,True,False,1.044991,1.045254,1.037206,1.056654,1.053647,1.057963,1.045281,1.05329,1.049286,0.049367
4,logit,bruto,True,0,0.0,8,-0.797391,3,40,0.03,200,8,True,True,True,True,True,True,True,False,False,False,1.04529,1.046696,1.034219,1.055715,1.055943,1.060773,1.045151,1.054395,1.049773,0.049236
5,ridge,bruto,True,0,1.0,4,-1.080856,2,80,0.03,100,16,True,False,True,True,True,True,False,False,True,False,1.016754,1.020031,1.005786,1.022447,1.020929,1.022391,1.01449,1.021623,1.018057,0.018575
5,ridge,bruto,True,0,1.0,4,-1.080856,3,80,0.03,100,16,True,True,True,True,True,True,False,True,False,False,1.016725,1.019907,1.005844,1.022351,1.021295,1.022419,1.014621,1.021559,1.01809,0.018707
5,ridge,bruto,True,0,1.0,4,-1.080856,2,200,0.05,400,8,True,False,True,True,True,True,False,False,False,True,1.016863,1.020044,1.005917,1.022477,1.021219,1.022428,1.014666,1.02165,1.018158,0.018752
5,ridge,bruto,True,0,1.0,4,-1.080856,2,80,0.05,400,16,True,False,True,True,True,True,False,False,True,True,1.016678,1.020104,1.006152,1.022544,1.021268,1.022474,1.0147,1.021707,1.018204,0.018785
5,logit,bruto,True,0,1.0,2,-0.509407,2,20,0.03,100,8,True,True,True,True,True,True,True,True,True,False,1.016676,1.019899,1.006511,1.022418,1.021647,1.022445,1.014945,1.021587,1.018266,0.01903
5,logit,bruto,True,0,1.0,4,-0.69897,3,80,0.03,300,8,True,True,True,True,True,True,True,True,True,False,1.017361,1.019983,1.006526,1.022281,1.021711,1.022388,1.015199,1.021551,1.018375,0.019285
5,ridge,bruto,True,0,1.0,4,-0.875166,3,20,0.03,100,16,True,True,True,True,True,True,True,True,False,False,1.016739,1.019994,1.006469,1.022723,1.021623,1.022734,1.014944,1.021817,1.01838,0.019029
5,logit,bruto,True,0,1.0,2,-0.875166,2,80,0.03,100,8,True,True,True,True,True,True,True,True,True,False,1.01733,1.020247,1.006488,1.022482,1.021631,1.022482,1.01515,1.021737,1.018443,0.019235
5,logit,bruto,True,20,1.0,2,-0.689478,2,20,0.03,100,8,True,True,True,True,True,True,True,False,True,False,1.016787,1.019304,1.008345,1.022896,1.022579,1.022127,1.015904,1.021442,1.018673,0.019989
5,logit,bruto,True,20,1.0,4,-1.035801,2,20,0.03,100,8,True,True,True,True,False,False,True,True,True,False,1.017659,1.019506,1.008332,1.022709,1.022217,1.021854,1.01607,1.021356,1.018713,0.020155
5,logit,bruto,True,0,1.0,4,-0.672704,2,200,0.03,100,16,True,False,False,True,True,False,True,False,True,False,1.017691,1.020313,1.007038,1.022811,1.021857,1.022817,1.015528,1.02198,1.018754,0.019614
5,logit,bruto,True,0,1.0,4,-1.114495,2,20,0.03,300,4,True,True,True,True,True,True,True,True,True,False,1.01805,1.020461,1.006833,1.022637,1.021919,1.02267,1.015601,1.021923,1.018762,0.019686
5,logit,bruto,True,0,1.0,8,-0.329184,2,120,0.03,100,8,True,True,True,True,True,True,True,True,True,False,1.017725,1.020287,1.007635,1.022976,1.022303,1.022962,1.015888,1.022075,1.018981,0.019973
5,logit,bruto,True,20,1.0,8,-0.762338,2,80,0.03,100,8,True,True,True,True,True,True,False,True,True,False,1.017655,1.019313,1.008861,1.023055,1.022806,1.022228,1.01644,1.021532,1.018986,0.020526
5,logit,bruto,True,0,1.0,2,-0.58122,3,20,0.03,300,8,True,True,True,False,True,True,True,True,True,False,1.017542,1.020481,1.007642,1.023156,1.022578,1.02326,1.015921,1.022299,1.01911,0.020007
5,ordinal,bruto,True,0,1.0,4,-0.667933,3,80,0.03,300,8,True,True,True,True,True,True,True,True,True,False,1.017845,1.020459,1.008257,1.022925,1.022636,1.023015,1.016246,1.022133,1.019189,0.020331
5,ridge,diff,True,20,1.0,4,-0.875166,2,200,0.03,200,4,True,True,True,True,False,False,True,False,False,False,1.016881,1.019335,1.00934,1.024238,1.023124,1.022704,1.016448,1.022092,1.01927,0.020534
5,ridge,bruto,True,0,0.8,4,-1.080856,2,80,0.03,100,16,True,False,True,True,True,False,False,False,False,False,1.017719,1.021501,1.006399,1.024874,1.021337,1.024256,1.015152,1.023544,1.019348,0.019238
5,logit,diff,True,20,1.0,4,-0.662596,4,80,0.05,300,8,True,True,True,True,False,True,True,True,False,False,1.017902,1.019303,1.009368,1.023138,1.024097,1.022473,1.017122,1.021638,1.01938,0.021208
5,ridge,bruto,True,20,1.0,4,-0.875166,3,80,0.03,100,8,True,True,True,True,True,True,True,True,True,True,1.016861,1.019433,1.009698,1.024136,1.02357,1.02292,1.016709,1.022163,1.019436,0.020795
5,logit,bruto,True,39,1.0,8,-0.659784,2,40,0.03,100,8,True,True,True,True,True,False,True,True,True,True,1.018128,1.019907,1.009966,1.024111,1.023165,1.022712,1.017086,1.022243,1.019665,0.021172
5,logit,diff,True,0,1.0,4,-1.57032,2,20,0.03,200,4,True,True,True,True,True,False,True,True,True,True,1.019005,1.021648,1.008147,1.02402,1.022784,1.023751,1.016645,1.02314,1.019893,0.020731
5,hgb,bruto,True,0,1.0,2,-1.366579,3,80,0.03,300,8,True,True,True,False,True,True,True,True,False,False,1.01924,1.021037,1.007884,1.024255,1.023227,1.023725,1.016783,1.023006,1.019895,0.020869
5,logit,bruto,True,39,1.0,4,-0.69897,3,80,0.03,200,16,True,True,True,False,True,True,True,True,True,False,1.018515,1.020047,1.01068,1.024423,1.023985,1.023386,1.017727,1.022619,1.020173,0.021812
5,ridge,bruto,False,0,1.0,2,-0.974731,2,20,0.05,100,16,True,True,True,True,True,True,False,False,True,False,1.020647,1.023256,1.009225,1.02562,1.023331,1.024842,1.017734,1.024572,1.021153,0.02182
5,logit,bruto,False,0,1.0,4,-0.076635,4,20,0.03,100,8,True,True,True,True,True,True,True,True,True,False,1.021121,1.023203,1.009765,1.02531,1.023565,1.024768,1.01815,1.024427,1.021289,0.022236
5,logit,bruto,False,0,1.0,8,-0.606798,2,80,0.03,300,8,True,True,True,True,False,True,True,True,True,False,1.02147,1.023189,1.009989,1.025164,1.02379,1.02449,1.018416,1.024281,1.021349,0.022502
5,rf,diff,True,0,1.0,4,-0.93622,3,120,0.03,300,16,True,False,True,True,True,True,False,False,False,False,1.026589,1.027762,1.016514,1.031487,1.028902,1.030259,1.024002,1.029836,1.026919,0.028087
5,knn,bruto,True,39,1.0,4,-0.662596,3,80,0.03,300,8,True,True,True,True,True,True,True,True,True,False,1.02656,1.029701,1.017552,1.033104,1.029439,1.031792,1.024517,1.031532,1.028025,0.028603
5,knn,bruto,True,20,1.0,8,-0.875166,2,80,0.03,300,8,True,True,True,True,True,True,True,True,True,True,1.027771,1.030481,1.018465,1.034018,1.030139,1.032626,1.025459,1.032375,1.028917,0.029544
5,ridge,diff,False,20,0.5,2,-1.177278,3,20,0.05,100,8,True,True,True,True,False,True,True,True,False,False,1.030017,1.030607,1.012644,1.032192,1.034041,1.035229,1.025567,1.032676,1.029122,0.029653
5,et,bruto,True,0,1.0,4,-0.693583,3,40,0.01,300,8,True,True,True,True,True,True,True,True,False,False,1.030222,1.031599,1.022638,1.03676,1.032857,1.034358,1.028572,1.034239,1.031406,0.032658
6,ridge,bruto,True,0,1.0,4,-1.263723,2,80,0.03,100,16,True,True,True,True,True,False,False,True,False,False,1.016665,1.019946,1.005509,1.022263,1.020942,1.022247,1.014372,1.021485,1.017929,0.018458
6,ridge,bruto,True,0,1.0,4,-1.245702,3,80,0.03,100,16,True,True,True,True,True,True,False,True,False,False,1.016874,1.019957,1.005631,1.022247,1.021231,1.022324,1.014579,1.02151,1.018044,0.018664
6,ridge,bruto,True,0,1.0,4,-1.080856,2,80,0.03,100,16,True,False,True,True,True,True,False,False,True,False,1.016754,1.020031,1.005786,1.022447,1.020929,1.022391,1.01449,1.021623,1.018057,0.018575
6,ridge,bruto,True,0,1.0,4,-1.080856,2,80,0.1,100,16,True,False,True,True,True,True,False,False,True,False,1.016754,1.020031,1.005786,1.022447,1.020929,1.022391,1.01449,1.021623,1.018057,0.018575
6,ridge,bruto,True,0,1.0,2,-0.875166,3,20,0.03,300,16,True,True,True,True,True,True,True,True,False,False,1.016083,1.019893,1.00598,1.02259,1.021347,1.022579,1.01447,1.021687,1.018079,0.018555
6,ridge,bruto,True,0,1.0,4,-1.080856,3,80,0.03,100,16,True,True,True,True,True,True,False,True,False,False,1.016725,1.019907,1.005844,1.022351,1.021295,1.022419,1.014621,1.021559,1.01809,0.018707
6,ridge,bruto,True,0,1.0,4,-1.080856,2,200,0.05,400,8,True,False,True,True,True,True,False,False,False,True,1.016863,1.020044,1.005917,1.022477,1.021219,1.022428,1.014666,1.02165,1.018158,0.018752
6,ridge,bruto,True,0,1.0,4,-1.080856,2,200,0.03,100,16,True,False,True,True,True,True,False,False,False,True,1.016863,1.020044,1.005917,1.022477,1.021219,1.022428,1.014666,1.02165,1.018158,0.018752
6,ridge,bruto,True,0,1.0,4,-1.080856,2,80,0.05,400,16,True,False,True,True,True,True,False,False,True,True,1.016678,1.020104,1.006152,1.022544,1.021268,1.022474,1.0147,1.021707,1.018204,0.018785
6,logit,bruto,True,0,1.0,2,-0.69897,2,80,0.03,300,8,True,True,True,True,True,True,True,True,True,False,1.016954,1.020024,1.00636,1.022344,1.021587,1.022386,1.014967,1.021585,1.018276,0.019052
6,ridge,bruto,True,0,1.0,4,-0.896942,3,200,0.05,100,16,True,True,True,True,True,True,False,False,False,False,1.016631,1.019945,1.006311,1.022647,1.021533,1.022678,1.014825,1.021757,1.018291,0.01891
6,ridge,bruto,True,0,1.0,4,-0.875166,3,20,0.03,100,4,True,True,True,True,True,True,True,True,False,False,1.016739,1.019994,1.006469,1.022723,1.021623,1.022734,1.014944,1.021817,1.01838,0.019029
6,logit,bruto,True,0,1.0,4,-0.438451,3,20,0.03,100,8,True,True,True,True,True,True,True,True,True,False,1.017283,1.020004,1.007021,1.022595,1.02194,1.022632,1.015415,1.021744,1.018579,0.0195
6,logit,bruto,True,20,1.0,4,-0.739509,2,20,0.03,100,8,True,True,True,True,True,False,False,True,True,False,1.017022,1.019151,1.008581,1.023073,1.022252,1.022056,1.015951,1.021427,1.018689,0.020037
6,ridge,bruto,True,0,1.0,4,-0.68656,3,80,0.03,300,8,True,True,True,True,True,True,True,True,False,False,1.016784,1.020129,1.007094,1.023176,1.02199,1.023134,1.01529,1.022146,1.018718,0.019375
6,logit,bruto,True,0,1.0,2,-0.525356,3,20,0.03,300,8,True,True,True,False,True,True,True,True,True,False,1.017432,1.020429,1.007635,1.023191,1.022575,1.023286,1.015881,1.022302,1.019091,0.019966
6,ridge,bruto,True,39,1.0,2,-0.828943,2,200,0.01,400,8,True,True,True,True,True,True,False,True,False,True,1.016434,1.019352,1.009108,1.024294,1.022931,1.02286,1.016158,1.022168,1.019163,0.020243
6,logit,bruto,True,0,1.0,4,-0.58122,2,80,0.05,400,16,True,True,True,False,True,True,False,False,False,True,1.018078,1.020496,1.008014,1.023205,1.023019,1.023333,1.01637,1.022345,1.019357,0.020456
6,ridge,bruto,True,0,1.0,8,-0.708944,2,80,0.03,400,16,True,False,False,True,False,True,False,False,True,False,1.01789,1.020765,1.00824,1.023994,1.022491,1.023594,1.016207,1.022784,1.019496,0.020293
6,logit,bruto,True,20,1.0,2,-0.08535,2,40,0.03,100,8,True,True,True,True,True,True,False,True,True,False,1.016487,1.019305,1.009935,1.024533,1.023706,1.023183,1.016709,1.02234,1.019525,0.020795
6,ridge,bruto,True,0,1.0,4,-0.399986,2,40,0.05,100,8,True,False,False,True,True,True,False,False,True,True,1.017552,1.020854,1.009742,1.024931,1.02347,1.024578,1.016921,1.023454,1.020188,0.021007
6,ridge,diff,True,20,1.0,2,-0.909421,2,80,0.05,300,8,True,True,True,False,True,True,True,True,True,True,1.017395,1.019845,1.010743,1.024475,1.025294,1.023682,1.017811,1.022667,1.020239,0.021897
6,ordinal,bruto,True,0,1.0,4,-1.080856,3,80,0.03,200,16,True,True,True,True,True,True,False,True,True,False,1.019947,1.021743,1.010297,1.024373,1.024956,1.02463,1.0184,1.023582,1.020991,0.022486
6,ridge,bruto,False,0,1.0,2,-0.712759,2,20,0.03,100,8,True,True,True,True,True,True,False,True,True,False,1.020552,1.023193,1.009059,1.025549,1.023259,1.024773,1.017623,1.024505,1.021064,0.021709
6,ridge,bruto,False,0,1.0,4,-1.30677,2,20,0.05,400,16,True,False,True,True,True,True,False,False,False,False,1.020914,1.023341,1.00917,1.025555,1.023386,1.024845,1.017823,1.02458,1.021202,0.021909
6,logit,bruto,False,20,1.0,8,-0.606798,2,80,0.03,100,8,True,True,True,True,True,True,True,False,True,False,1.021356,1.023301,1.009938,1.025302,1.023692,1.024792,1.018329,1.024465,1.021397,0.022414
6,ridge,diff,False,0,1.0,0,-1.17143,2,80,0.05,400,8,True,False,True,False,True,True,False,False,True,False,1.022629,1.024081,1.010334,1.025802,1.024939,1.025385,1.019301,1.025089,1.022195,0.023387
6,knn,bruto,True,20,1.0,2,-0.134222,2,120,0.03,100,8,True,True,True,True,True,True,True,True,True,False,1.028152,1.030836,1.018248,1.034313,1.030476,1.033018,1.025625,1.032723,1.029174,0.029711
6,logit,bruto,True,20,0.5,8,-0.762338,2,80,0.03,100,16,True,True,True,False,True,True,False,True,True,False,1.024792,1.027022,1.022418,1.036772,1.033781,1.0349,1.026997,1.032898,1.029948,0.031083
6,rf,bruto,True,0,1.0,4,-0.875166,3,200,0.03,300,8,True,True,True,True,True,True,True,True,False,False,1.031615,1.03318,1.025041,1.039199,1.036021,1.038218,1.030892,1.036866,1.033879,0.034978
6,ridge,bruto,True,20,0.5,4,-0.69897,3,80,0.05,300,8,True,True,False,True,True,True,True,True,False,False,1.031902,1.03348,1.030528,1.047806,1.044755,1.04485,1.035729,1.042045,1.038887,0.039814
6,knn,bruto,True,0,0.0,2,-0.69897,2,20,0.03,300,8,True,True,True,True,True,True,True,True,True,False,1.089914,1.092452,1.079332,1.103111,1.108492,1.111447,1.092579,1.102337,1.097458,0.096665
7,ridge,bruto,True,0,1.0,4,-1.263723,2,80,0.03,100,16,True,True,True,True,True,False,False,True,False,False,1.016665,1.019946,1.005509,1.022263,1.020942,1.022247,1.014372,1.021485,1.017929,0.018458
7,ridge,bruto,True,0,1.0,4,-1.245702,3,80,0.03,100,16,True,True,True,True,True,True,False,True,False,False,1.016874,1.019957,1.005631,1.022247,1.021231,1.022324,1.014579,1.02151,1.018044,0.018664
7,ridge,bruto,True,0,1.0,4,-1.080856,2,80,0.03,100,16,True,False,True,True,True,True,False,False,True,False,1.016754,1.020031,1.005786,1.022447,1.020929,1.022391,1.01449,1.021623,1.018057,0.018575
7,ridge,bruto,True,0,1.0,4,-1.080856,2,80,0.1,100,16,True,False,True,True,True,True,False,False,True,False,1.016754,1.020031,1.005786,1.022447,1.020929,1.022391,1.01449,1.021623,1.018057,0.018575
7,ridge,bruto,True,0,1.0,4,-1.080856,3,20,0.05,400,16,True,False,True,True,True,False,False,False,False,True,1.016711,1.020036,1.005831,1.022494,1.020971,1.022383,1.014504,1.021638,1.018071,0.01859
7,ridge,bruto,True,0,1.0,4,-1.12888,3,80,0.1,100,8,True,True,True,True,True,True,True,True,False,False,1.016823,1.019944,1.005858,1.022326,1.021317,1.022393,1.014666,1.021554,1.01811,0.018751
7,ridge,bruto,True,0,1.0,4,-1.036056,2,200,0.03,100,8,True,False,True,True,True,True,True,True,False,True,1.016938,1.020092,1.006086,1.02257,1.021296,1.022493,1.014773,1.021718,1.018246,0.018859
7,ridge,bruto,True,0,1.0,4,-1.080856,2,80,0.01,100,16,True,True,True,True,True,True,False,True,True,True,1.016646,1.020004,1.006291,1.022487,1.02158,1.022523,1.014839,1.021672,1.018255,0.018925
7,ridge,bruto,True,0,1.0,4,-1.09091,3,80,0.05,100,8,True,True,True,True,True,True,True,True,True,True,1.016705,1.020037,1.006354,1.022497,1.021635,1.022529,1.014898,1.021687,1.018293,0.018984
7,ridge,bruto,True,0,1.0,0,-1.263723,3,20,0.05,100,16,True,True,True,True,True,True,False,True,False,False,1.017556,1.020118,1.006046,1.022356,1.021396,1.022382,1.014999,1.021619,1.018309,0.019085
7,ridge,bruto,True,0,1.0,8,-1.080856,2,80,0.03,100,16,True,False,True,True,True,True,True,False,False,False,1.017181,1.02014,1.006248,1.02259,1.021269,1.022492,1.014899,1.02174,1.01832,0.018985
7,ridge,bruto,True,0,1.0,4,-0.813109,4,20,0.03,300,16,True,True,True,True,True,True,False,True,False,False,1.016679,1.02001,1.006563,1.022839,1.021655,1.022846,1.014966,1.021898,1.018432,0.019051
7,ridge,bruto,True,0,1.0,4,-1.080856,3,20,0.03,100,8,True,True,True,False,True,True,False,True,False,False,1.017598,1.020482,1.00716,1.023188,1.022322,1.023274,1.015693,1.022314,1.019004,0.019779
7,ridge,bruto,True,0,1.0,4,-1.080856,2,80,0.05,400,16,True,False,True,False,True,False,False,False,True,True,1.017414,1.020616,1.007498,1.023404,1.022125,1.023303,1.015679,1.022441,1.01906,0.019764
7,ridge,bruto,True,39,1.0,4,-1.080856,3,80,0.03,100,16,True,True,True,True,False,True,False,True,False,False,1.017583,1.019553,1.008958,1.023769,1.02291,1.022323,1.016484,1.021882,1.019183,0.020569
7,ridge,bruto,True,0,1.0,4,-1.891911,2,20,0.03,300,16,True,True,True,True,True,True,False,False,False,True,1.018501,1.021172,1.00699,1.023491,1.022291,1.023343,1.015927,1.022668,1.019298,0.020013
7,logit,bruto,True,39,1.0,2,-0.550858,3,200,0.01,400,8,True,True,True,True,True,True,True,True,True,True,1.016716,1.019453,1.009942,1.024052,1.02325,1.02277,1.016636,1.022092,1.019364,0.020721
7,logit,bruto,True,20,1.0,4,-0.685641,3,20,0.03,100,16,True,True,False,True,True,True,False,True,False,False,1.017945,1.019495,1.009809,1.023703,1.023823,1.0229,1.017192,1.022033,1.019613,0.021278
7,ridge,bruto,True,0,0.8,2,-0.999277,2,40,0.03,300,8,True,True,True,True,True,True,False,True,False,True,1.018019,1.021763,1.006482,1.02486,1.022287,1.024857,1.015596,1.023827,1.019711,0.019682
7,ridge,bruto,True,20,1.0,4,-0.67992,3,20,0.03,100,4,True,True,True,True,False,True,True,False,True,False,1.017224,1.019558,1.01012,1.024593,1.02382,1.023048,1.017055,1.0224,1.019727,0.02114
7,ridge,diff,True,0,1.0,2,-0.525356,3,80,0.03,300,8,True,True,True,False,True,True,True,False,False,False,1.01729,1.02065,1.008552,1.024127,1.024391,1.024514,1.016744,1.023097,1.019921,0.02083
7,mlp,bruto,True,0,1.0,4,-0.80083,2,80,0.05,400,16,True,False,False,True,True,True,False,True,True,True,1.017493,1.021878,1.00827,1.024457,1.023008,1.024698,1.016257,1.023678,1.019967,0.020343
7,ridge,bruto,True,0,0.8,4,-1.220558,2,80,0.03,100,16,True,True,True,True,False,True,False,True,True,True,1.018236,1.02152,1.008603,1.025174,1.022348,1.024075,1.016396,1.02359,1.019993,0.020481
7,hgb,bruto,True,0,1.0,2,-1.080856,3,80,0.03,100,16,True,True,True,True,True,True,False,True,True,False,1.021654,1.023624,1.012473,1.027888,1.025439,1.026458,1.019855,1.02599,1.022923,0.023941
7,rf,diff,True,0,0.8,4,-1.263723,2,80,0.03,300,16,True,False,True,True,True,False,False,True,False,False,1.026713,1.027916,1.016639,1.031881,1.029179,1.031132,1.024177,1.03031,1.027243,0.028262
7,ridge,bruto,True,0,0.5,4,-1.090698,3,80,0.05,400,16,True,False,True,True,True,True,False,True,False,False,1.02632,1.030085,1.012578,1.034421,1.03174,1.035766,1.023546,1.033424,1.028485,0.027631
7,ridge,bruto,True,0,0.0,4,-1.010757,3,200,0.05,100,8,True,False,True,True,True,True,False,False,False,True,1.026704,1.030508,1.013338,1.03518,1.032589,1.036455,1.02421,1.034048,1.029129,0.028296
7,ridge,bruto,True,0,0.0,4,-1.306908,2,200,0.01,400,16,True,False,True,True,True,True,True,False,True,True,1.026989,1.030067,1.016857,1.036612,1.031545,1.035089,1.025131,1.033923,1.029527,0.029216
7,ridge,bruto,True,0,0.0,4,-0.894513,2,200,0.03,300,16,True,True,True,True,True,True,True,False,False,False,1.027617,1.031106,1.01453,1.036586,1.034113,1.037819,1.02542,1.03517,1.030295,0.029506
7,ridge,bruto,True,0,0.0,2,-0.860206,2,80,0.03,300,8,True,True,True,False,True,True,False,False,True,False,1.026864,1.031795,1.015263,1.037073,1.033334,1.038275,1.025154,1.035714,1.030434,0.029239
7,rf,bruto,True,0,1.0,4,-1.207653,3,200,0.05,100,16,True,False,True,True,True,True,False,False,False,True,1.032339,1.033907,1.025645,1.039672,1.036374,1.038494,1.031453,1.037358,1.034405,0.035538
7,rf,bruto,True,0,1.0,2,-1.263723,2,200,0.03,200,16,True,False,True,True,True,False,False,False,False,False,1.033202,1.035007,1.026857,1.041554,1.037573,1.040353,1.032544,1.038971,1.035758,0.03663
8,ridge,bruto,True,0,1.0,4,-1.263723,2,80,0.03,100,16,True,False,True,True,True,False,False,False,True,False,1.016679,1.020077,1.005312,1.022313,1.020544,1.022234,1.014178,1.021541,1.01786,0.018263
8,ridge,bruto,True,0,1.0,4,-1.263723,2,80,0.03,100,16,True,True,True,True,True,False,False,True,False,False,1.016665,1.019946,1.005509,1.022263,1.020942,1.022247,1.014372,1.021485,1.017929,0.018458
8,ridge,bruto,True,0,1.0,2,-1.263723,2,200,0.03,400,8,True,True,True,True,True,True,False,True,True,False,1.016581,1.020137,1.005553,1.022411,1.021056,1.022382,1.014396,1.021643,1.01802,0.018482
8,ridge,bruto,True,0,1.0,4,-1.245702,3,80,0.03,100,16,True,True,True,True,True,True,False,True,False,False,1.016874,1.019957,1.005631,1.022247,1.021231,1.022324,1.014579,1.02151,1.018044,0.018664
8,ridge,bruto,True,0,1.0,4,-1.080856,2,80,0.03,100,16,True,False,True,True,True,True,False,False,True,False,1.016754,1.020031,1.005786,1.022447,1.020929,1.022391,1.01449,1.021623,1.018057,0.018575
8,ridge,bruto,True,0,1.0,4,-1.080856,2,80,0.1,100,16,True,False,True,True,True,True,False,False,True,False,1.016754,1.020031,1.005786,1.022447,1.020929,1.022391,1.01449,1.021623,1.018057,0.018575
8,ridge,bruto,True,0,1.0,4,-1.080856,2,80,0.1,100,16,True,False,True,True,True,True,False,False,True,False,1.016754,1.020031,1.005786,1.022447,1.020929,1.022391,1.01449,1.021623,1.018057,0.018575
8,ridge,bruto,True,0,1.0,4,-1.150479,3,20,0.1,100,8,True,True,True,True,True,True,True,False,True,False,1.016815,1.01996,1.005828,1.022297,1.021181,1.022357,1.014608,1.021538,1.018073,0.018694
8,ridge,bruto,True,0,1.0,8,-1.325207,3,80,0.03,100,16,True,True,True,True,True,True,True,False,False,True,1.017314,1.020069,1.005869,1.022261,1.021406,1.022336,1.014863,1.021556,1.018209,0.018948
8,ridge,bruto,True,0,1.0,4,-0.94825,2,80,0.1,100,16,True,False,True,True,True,True,False,False,False,False,1.016697,1.020033,1.006209,1.022689,1.021194,1.022564,1.0147,1.021762,1.018231,0.018786
8,ridge,bruto,True,0,1.0,4,-0.813109,3,80,0.1,300,16,True,False,True,True,True,True,False,True,True,False,1.016744,1.020149,1.006494,1.022951,1.021229,1.022802,1.014822,1.021968,1.018395,0.018908
8,ridge,bruto,True,0,1.0,0,-1.741172,2,120,0.03,100,16,True,True,True,True,True,True,False,True,False,False,1.018085,1.020471,1.006114,1.022608,1.021676,1.02265,1.015292,1.02191,1.018601,0.019377
8,ridge,bruto,True,0,1.0,4,-1.229734,3,80,0.05,400,16,True,True,False,False,True,False,False,True,True,False,1.017348,1.020505,1.006682,1.023023,1.021683,1.023038,1.015237,1.022189,1.018713,0.019323
8,ridge,bruto,True,0,1.0,4,-1.226163,2,80,0.03,100,8,True,False,False,False,True,True,True,True,True,False,1.017757,1.020657,1.006803,1.023186,1.021908,1.023178,1.015489,1.02234,1.018915,0.019575
8,ridge,bruto,True,39,1.0,4,-1.080856,3,80,0.05,400,16,True,True,True,True,True,True,False,True,True,False,1.017353,1.019511,1.008691,1.023709,1.022565,1.022508,1.016203,1.021909,1.019056,0.020288
8,ridge,diff,True,0,1.0,4,-1.080856,2,80,0.03,100,16,True,False,False,True,True,True,True,False,False,False,1.017884,1.020404,1.006964,1.022985,1.023027,1.02325,1.015959,1.022213,1.019086,0.020044
8,ridge,bruto,True,0,1.0,4,-1.551975,2,80,0.01,400,16,True,True,True,False,True,False,False,True,True,True,1.01796,1.020865,1.007053,1.023243,1.022213,1.023235,1.015742,1.022448,1.019095,0.019827
8,mlp,bruto,True,0,1.0,8,-1.600425,3,20,0.1,100,16,True,False,True,True,True,True,False,False,True,True,1.018883,1.02089,1.007053,1.02343,1.022117,1.023377,1.016018,1.022566,1.019292,0.020103
8,logit,bruto,True,0,1.0,4,-0.80083,3,20,0.05,400,16,True,True,False,False,True,False,False,False,True,True,1.017848,1.020579,1.008141,1.023267,1.022844,1.023316,1.016278,1.022387,1.019333,0.020363
8,mlp,bruto,True,0,1.0,8,-1.54891,3,80,0.05,100,8,True,True,True,True,True,True,True,True,False,True,1.019001,1.021032,1.007153,1.023767,1.022135,1.023457,1.016096,1.022752,1.019424,0.020182
8,ridge,bruto,True,0,1.0,4,-1.941827,2,20,0.05,300,16,True,True,True,False,False,False,False,True,False,True,1.019381,1.0218,1.008016,1.024332,1.02305,1.02394,1.016816,1.023357,1.020087,0.020901
8,mlp,bruto,True,0,1.0,4,-0.405779,3,80,0.02,100,8,True,True,True,True,True,True,False,True,True,True,1.015364,1.022011,1.008649,1.026,1.023597,1.025881,1.01587,1.02463,1.02025,0.019955
8,ordinal,bruto,True,0,1.0,4,-0.898271,3,80,0.05,100,8,True,False,True,False,True,True,False,True,True,True,1.019284,1.021394,1.01002,1.023984,1.024235,1.024156,1.017846,1.023178,1.020512,0.021932
8,ridge,bruto,False,39,1.0,4,-0.97737,2,80,0.03,300,16,True,False,True,True,False,False,False,True,False,False,1.020673,1.023081,1.00877,1.02526,1.023104,1.024234,1.017516,1.024192,1.020854,0.021601
8,ridge,bruto,False,0,1.0,4,-1.080856,2,80,0.03,100,4,True,False,True,True,True,True,False,True,True,False,1.020841,1.023289,1.008867,1.025434,1.023155,1.024733,1.017621,1.024485,1.021053,0.021707
8,logit,bruto,False,0,1.0,2,-0.550858,4,200,0.01,300,16,True,True,True,True,True,True,True,True,False,True,1.020986,1.023198,1.010065,1.025569,1.023849,1.024932,1.0183,1.024566,1.021433,0.022386
8,rf,diff,True,0,1.0,4,-1.263723,3,20,0.03,300,16,True,False,True,True,True,False,False,False,False,True,1.02404,1.025174,1.013092,1.02818,1.026414,1.027119,1.021182,1.026824,1.024003,0.025268
8,ridge,bruto,True,0,0.5,4,-1.195437,2,20,0.05,100,16,True,False,True,True,True,True,False,True,False,False,1.026065,1.029745,1.011783,1.033686,1.03127,1.035182,1.023039,1.032871,1.027955,0.027125
8,rf,bruto,False,20,1.0,0,-1.263723,3,80,0.03,100,16,True,True,True,True,True,True,False,True,False,False,1.02879,1.029108,1.019354,1.032994,1.031017,1.031943,1.026387,1.031348,1.028868,0.030473
8,rf,bruto,True,20,1.0,4,-1.190336,3,80,0.03,100,16,True,False,True,True,True,False,False,True,False,True,1.028751,1.029763,1.02033,1.034503,1.031694,1.033169,1.026925,1.032478,1.029702,0.031011
8,ridge,bruto,True,0,0.0,8,-0.829996,2,80,0.03,200,16,True,False,False,True,True,True,True,False,False,False,1.028575,1.031696,1.016709,1.038105,1.035228,1.038578,1.026837,1.036126,1.031482,0.030923
8,et,bruto,True,20,1.0,0,-1.263723,3,20,0.05,100,16,True,True,False,True,True,True,False,True,False,False,1.029287,1.030791,1.02651,1.037327,1.034406,1.034452,1.030068,1.03419,1.032129,0.034153
9,ridge,bruto,True,0,1.0,4,-1.263723,2,80,0.03,100,16,True,False,True,True,True,False,False,False,True,False,1.016679,1.020077,1.005312,1.022313,1.020544,1.022234,1.014178,1.021541,1.01786,0.018263
9,ridge,bruto,True,0,1.0,4,-1.263723,2,80,0.03,100,16,True,True,True,True,True,False,False,True,False,False,1.016665,1.019946,1.005509,1.022263,1.020942,1.022247,1.014372,1.021485,1.017929,0.018458
9,ridge,bruto,True,0,1.0,4,-1.044079,2,80,0.03,100,16,True,True,True,True,True,False,False,False,True,False,1.016485,1.019926,1.005735,1.02242,1.020866,1.022384,1.014362,1.021577,1.017969,0.018447
9,ridge,bruto,True,0,1.0,4,-1.220362,2,80,0.03,100,16,True,False,True,True,True,True,False,False,True,False,1.016875,1.020066,1.005597,1.02234,1.020887,1.022308,1.014453,1.021571,1.018012,0.018539
9,ridge,bruto,True,0,1.0,2,-1.263723,2,200,0.03,400,8,True,True,True,True,True,True,False,True,True,False,1.016581,1.020137,1.005553,1.022411,1.021056,1.022382,1.014396,1.021643,1.01802,0.018482
9,ridge,bruto,True,0,1.0,4,-1.245702,3,80,0.03,100,16,True,True,True,True,True,True,False,True,False,False,1.016874,1.019957,1.005631,1.022247,1.021231,1.022324,1.014579,1.02151,1.018044,0.018664
9,ridge,bruto,True,0,1.0,4,-1.245702,4,200,0.03,100,16,True,True,True,True,True,True,False,True,False,False,1.016874,1.019957,1.005631,1.022247,1.021231,1.022324,1.014579,1.02151,1.018044,0.018664
9,ridge,bruto,True,0,1.0,4,-1.080856,3,40,0.05,100,16,True,False,True,True,True,True,False,False,True,False,1.016754,1.020031,1.005786,1.022447,1.020929,1.022391,1.01449,1.021623,1.018057,0.018575
9,ridge,bruto,True,0,1.0,4,-1.080856,2,80,0.1,100,16,True,False,True,True,True,True,False,False,True,False,1.016754,1.020031,1.005786,1.022447,1.020929,1.022391,1.01449,1.021623,1.018057,0.018575
9,ridge,bruto,True,0,1.0,4,-1.080856,2,80,0.1,100,16,True,False,True,True,True,True,False,False,True,False,1.016754,1.020031,1.005786,1.022447,1.020929,1.022391,1.01449,1.021623,1.018057,0.018575
9,ridge,bruto,True,0,1.0,2,-1.333589,2,80,0.01,100,8,True,False,True,True,True,True,False,True,True,False,1.016793,1.02034,1.005598,1.0226,1.020898,1.022432,1.01443,1.021791,1.01811,0.018515
9,ridge,bruto,True,0,1.0,4,-1.432774,2,80,0.03,100,16,True,True,True,True,True,True,False,True,True,False,1.017192,1.020166,1.005644,1.022351,1.021193,1.022381,1.014676,1.021633,1.018154,0.018762
9,ridge,bruto,True,0,1.0,4,-1.505107,2,80,0.03,100,8,True,False,True,True,True,True,False,True,True,False,1.017385,1.020382,1.005672,1.022543,1.021079,1.022464,1.014712,1.021796,1.018254,0.018798
9,ridge,bruto,True,0,1.0,8,-1.121346,3,80,0.1,100,16,True,True,True,True,False,False,True,True,False,False,1.017179,1.020078,1.006216,1.022531,1.021429,1.022347,1.014942,1.021652,1.018297,0.019027
9,ridge,bruto,True,20,1.0,4,-1.509561,3,80,0.1,100,16,True,False,True,True,True,False,False,False,False,True,1.017127,1.019505,1.007416,1.022802,1.021751,1.02198,1.015431,1.021429,1.01843,0.019517
9,ridge,bruto,True,0,1.0,4,-0.672224,2,80,0.03,100,16,True,False,True,True,True,False,False,False,False,False,1.016593,1.020237,1.007089,1.023466,1.021306,1.023016,1.014996,1.022239,1.018618,0.019081
9,ridge,bruto,True,0,1.0,4,-1.355427,3,80,0.05,400,8,True,True,False,False,True,False,False,False,True,False,1.017501,1.020574,1.006615,1.022979,1.021704,1.023018,1.015273,1.02219,1.018732,0.019359
9,ridge,bruto,True,0,1.0,4,-1.041671,2,80,0.03,100,16,True,False,True,False,True,True,False,False,True,False,1.017587,1.020606,1.007173,1.023324,1.021984,1.023281,1.015581,1.022404,1.018993,0.019667
9,ridge,diff,True,0,1.0,8,-1.033408,6,80,0.1,100,16,True,False,False,True,True,True,True,False,False,False,1.018298,1.020551,1.007469,1.023215,1.02329,1.02344,1.016352,1.022402,1.019377,0.020438
9,ridge,bruto,True,39,1.0,8,-1.600425,3,200,0.01,400,16,True,True,False,True,True,True,False,False,True,False,1.018768,1.020206,1.008759,1.023607,1.022962,1.022852,1.01683,1.022221,1.019526,0.020915
9,ridge,bruto,True,0,0.8,0,-1.080856,2,80,0.1,100,16,True,False,False,True,True,True,False,False,False,False,1.019476,1.02223,1.008369,1.02587,1.023556,1.025389,1.017133,1.024497,1.020815,0.021219
9,ridge,diff,True,0,0.8,4,-1.548384,2,80,0.03,100,16,True,True,True,False,True,True,False,False,True,True,1.019796,1.022114,1.008533,1.024945,1.024354,1.025216,1.017561,1.024092,1.020826,0.021647
9,ridge,bruto,False,0,1.0,4,-1.595319,2,80,0.1,100,16,True,True,True,True,True,False,False,False,False,False,1.020655,1.023176,1.009036,1.025479,1.023284,1.024752,1.017659,1.024469,1.021064,0.021744
9,ridge,bruto,False,0,1.0,4,-1.080856,2,80,0.1,200,16,True,False,True,True,True,True,True,False,True,False,1.020931,1.023415,1.009133,1.025517,1.023174,1.024831,1.017746,1.024588,1.021167,0.021832
9,hgb,diff,True,0,0.5,4,-1.150736,2,80,0.03,100,16,True,False,True,True,True,False,False,False,True,False,1.027226,1.02699,1.015987,1.031486,1.029414,1.031377,1.024209,1.029951,1.02708,0.028295
9,ridge,bruto,True,0,0.5,4,-1.51815,6,80,0.05,100,16,True,True,True,False,True,True,False,True,True,False,1.025686,1.029501,1.011164,1.032697,1.030829,1.034631,1.02256,1.032276,1.027418,0.026645
9,ridge,bruto,True,0,0.5,4,-1.080856,3,80,0.03,100,16,True,True,True,True,True,False,False,False,True,False,1.025536,1.029638,1.011603,1.034015,1.029971,1.034708,1.02237,1.032787,1.027579,0.026456
9,ridge,bruto,False,39,0.0,4,-1.080856,3,120,0.05,400,16,True,False,True,True,True,False,False,True,True,False,1.02819,1.030334,1.012165,1.033502,1.030839,1.033982,1.023731,1.032606,1.028169,0.027817
9,ridge,bruto,True,0,0.5,4,-1.080856,3,80,0.03,100,16,True,False,True,True,True,True,False,False,True,False,1.026473,1.030204,1.012666,1.034648,1.031799,1.035871,1.023646,1.033574,1.02861,0.027732
9,rf,bruto,False,20,1.0,2,-0.60651,4,80,0.01,300,16,True,True,True,True,False,True,True,True,False,True,1.028933,1.028434,1.019732,1.033354,1.03114,1.03167,1.026601,1.031153,1.028877,0.030687
9,knn,diff,False,20,1.0,4,-0.289506,2,200,0.03,400,8,True,False,True,True,True,True,False,True,True,False,1.027957,1.030669,1.018322,1.033936,1.031147,1.032923,1.025809,1.032509,1.029159,0.029894
9,rf,bruto,True,0,1.0,4,-1.211463,2,80,0.03,100,16,True,False,True,True,True,False,False,False,False,False,1.029572,1.030399,1.020915,1.035265,1.031793,1.033673,1.027427,1.033113,1.03027,0.031512
10,ridge,bruto,True,0,1.0,4,-1.263723,2,80,0.03,100,16,True,False,True,True,True,False,False,False,True,False,1.016679,1.020077,1.005312,1.022313,1.020544,1.022234,1.014178,1.021541,1.01786,0.018263
10,ridge,bruto,True,0,1.0,4,-1.263723,2,80,0.03,100,16,True,True,True,True,True,False,False,True,False,False,1.016665,1.019946,1.005509,1.022263,1.020942,1.022247,1.014372,1.021485,1.017929,0.018458
10,ridge,bruto,True,0,1.0,4,-1.044079,2,80,0.03,100,16,True,False,True,True,True,False,False,False,True,False,1.016523,1.020038,1.005673,1.022526,1.020618,1.022372,1.014271,1.021646,1.017958,0.018357
10,ridge,bruto,True,0,1.0,4,-1.044079,2,80,0.03,100,16,True,True,True,True,True,False,False,False,True,False,1.016485,1.019926,1.005735,1.02242,1.020866,1.022384,1.014362,1.021577,1.017969,0.018447
10,ridge,bruto,True,0,1.0,2,-1.219923,2,200,0.1,400,4,True,True,True,True,True,True,False,True,True,False,1.016489,1.020083,1.005532,1.022381,1.02103,1.022364,1.01435,1.021609,1.01798,0.018436
10,ridge,bruto,True,0,1.0,4,-1.220362,2,80,0.03,100,16,True,False,True,True,True,True,False,False,True,False,1.016875,1.020066,1.005597,1.02234,1.020887,1.022308,1.014453,1.021571,1.018012,0.018539
10,ridge,bruto,True,0,1.0,4,-1.220362,6,80,0.03,100,16,True,True,True,True,True,True,False,False,True,False,1.016832,1.019955,1.005651,1.022236,1.021113,1.022312,1.014532,1.021501,1.018016,0.018618
10,ridge,bruto,True,0,1.0,4,-1.080856,2,40,0.03,100,16,True,False,True,True,True,True,False,False,True,False,1.016754,1.020031,1.005786,1.022447,1.020929,1.022391,1.01449,1.021623,1.018057,0.018575
10,ridge,bruto,True,0,1.0,4,-1.080856,3,40,0.05,100,16,True,True,True,True,True,True,False,False,False,False,1.016686,1.019893,1.005862,1.022338,1.021311,1.022413,1.01462,1.021548,1.018084,0.018705
10,ridge,bruto,True,0,1.0,2,-1.333589,4,80,0.03,300,8,True,False,True,True,True,True,False,True,True,False,1.016793,1.02034,1.005598,1.0226,1.020898,1.022432,1.01443,1.021791,1.01811,0.018515
10,ridge,bruto,True,0,1.0,4,-1.245702,2,80,0.03,100,16,True,False,True,True,True,True,False,False,False,True,1.017011,1.020094,1.005704,1.022363,1.021176,1.02234,1.01463,1.021599,1.018115,0.018716
10,ridge,bruto,True,0,1.0,4,-0.886327,2,80,0.1,100,16,True,False,True,True,True,True,False,True,True,False,1.016736,1.020103,1.006264,1.022787,1.021117,1.022665,1.014706,1.021851,1.018279,0.018791
10,ridge,bruto,True,0,1.0,0,-1.263723,2,80,0.03,100,16,True,False,True,True,True,True,False,True,False,False,1.017599,1.020226,1.006043,1.022466,1.021182,1.022375,1.014941,1.021689,1.018315,0.019027
10,ridge,bruto,True,0,1.0,4,-1.52574,2,200,0.03,100,16,True,True,True,True,False,True,False,True,False,False,1.017535,1.020321,1.00598,1.02253,1.021629,1.022385,1.015048,1.021745,1.018397,0.019134
10,ridge,bruto,True,0,1.0,4,-0.672224,2,80,0.03,400,16,True,True,True,True,True,False,False,False,True,False,1.016542,1.020156,1.006925,1.023296,1.021434,1.023062,1.014967,1.022171,1.018569,0.019053
10,ridge,bruto,True,0,1.0,8,-1.263723,3,80,0.03,100,16,True,True,False,True,True,False,False,False,True,False,1.017653,1.020313,1.006434,1.022749,1.021693,1.022825,1.01526,1.021962,1.018611,0.019346
10,ridge,bruto,True,0,1.0,4,-1.220362,2,80,0.03,100,16,True,False,False,True,True,True,False,True,True,False,1.017609,1.02039,1.006412,1.022872,1.0217,1.022927,1.01524,1.022063,1.018651,0.019326
10,ridge,bruto,True,0,1.0,4,-1.044079,2,80,0.03,100,16,True,True,False,True,True,False,False,False,False,False,1.017186,1.020177,1.006799,1.02297,1.02193,1.022991,1.015305,1.022046,1.018675,0.01939
10,ridge,bruto,True,0,1.0,4,-1.245702,3,80,0.03,100,16,True,True,False,True,True,True,False,True,True,False,1.017606,1.020301,1.006473,1.022784,1.02196,1.022943,1.015346,1.02201,1.018678,0.019432
10,mlp,bruto,True,0,1.0,4,-0.66163,2,80,0.1,100,16,True,False,True,True,True,True,False,False,True,False,1.015983,1.020672,1.00649,1.024177,1.022465,1.024403,1.014979,1.023084,1.019032,0.019065
10,logit,bruto,True,0,1.0,2,-0.988077,2,80,0.03,100,4,True,False,False,True,True,True,False,True,True,False,1.018156,1.02079,1.007345,1.023193,1.022259,1.02317,1.01592,1.022384,1.019152,0.020005
10,ridge,diff,True,0,1.0,4,-1.42648,2,80,0.03,100,16,True,True,True,False,True,True,False,True,True,False,1.018579,1.020794,1.007221,1.023049,1.023148,1.023321,1.016316,1.022388,1.019352,0.020401
10,ridge,bruto,True,0,0.8,4,-1.681526,4,200,0.03,100,16,True,False,True,True,True,True,False,True,False,False,1.018924,1.021888,1.006316,1.024554,1.022234,1.024352,1.015825,1.023598,1.019711,0.01991
10,ridge,bruto,False,0,1.0,4,-0.899002,2,80,0.03,100,8,True,False,True,True,True,True,False,True,True,False,1.020819,1.023274,1.008827,1.025404,1.023117,1.024698,1.017588,1.024459,1.021023,0.021673
10,ridge,bruto,False,0,1.0,0,-1.310103,2,80,0.1,100,4,True,True,True,True,True,True,False,False,False,False,1.021048,1.023232,1.009083,1.025212,1.023488,1.024698,1.017873,1.02438,1.021127,0.021959
10,ridge,bruto,False,39,1.0,4,-1.600425,3,120,0.01,100,16,True,False,True,True,True,True,False,True,True,False,1.020993,1.023407,1.009143,1.025654,1.023412,1.024978,1.017849,1.02468,1.021264,0.021935
10,ordinal,bruto,True,0,1.0,2,-1.057997,2,200,0.03,100,8,True,True,False,True,True,True,False,True,True,False,1.021288,1.022809,1.012111,1.025704,1.02648,1.025839,1.01996,1.024784,1.022372,0.024045
10,ridge,bruto,True,0,0.0,4,-1.01268,2,40,0.05,100,16,True,True,True,True,True,True,False,False,True,False,1.026639,1.030391,1.013209,1.035074,1.032754,1.036621,1.024201,1.034029,1.029115,0.028286
10,knn,bruto,True,0,1.0,2,-0.882516,2,200,0.03,400,8,True,False,True,True,True,False,False,True,False,False,1.030053,1.033265,1.021836,1.037385,1.033792,1.036139,1.02856,1.035597,1.032078,0.032646
10,rf,diff,True,0,1.0,8,-1.263723,2,200,0.01,100,16,True,False,False,False,True,False,False,False,True,False,1.029752,1.033403,1.024156,1.039169,1.034473,1.037687,1.02946,1.036753,1.033107,0.033546
10,et,bruto,True,0,1.0,4,-1.263723,3,80,0.03,100,16,True,True,True,False,True,False,False,True,False,False,1.033549,1.035747,1.028576,1.041975,1.039124,1.04156,1.03375,1.039761,1.036755,0.037835
10,ordinal,bruto,True,0,1.0,2,-1.647847,2,200,0.03,400,16,True,True,True,True,True,False,False,True,True,False,1.039974,1.038868,1.033548,1.043481,1.048116,1.045029,1.040546,1.042459,1.041503,0.044632
11,ridge,bruto,True,0,1.0,4,-1.263723,2,80,0.03,100,16,True,False,True,True,True,False,False,False,True,False,1.016679,1.020077,1.005312,1.022313,1.020544,1.022234,1.014178,1.021541,1.01786,0.018263
11,ridge,bruto,True,0,1.0,4,-1.125152,2,80,0.03,100,16,True,False,True,True,True,False,False,True,True,False,1.016576,1.020045,1.005484,1.022423,1.02055,1.022296,1.014203,1.021588,1.017896,0.018289
11,ridge,bruto,True,0,1.0,2,-1.263723,2,200,0.03,400,16,True,False,True,True,True,False,False,True,False,False,1.016338,1.020187,1.005398,1.022531,1.020642,1.022317,1.014126,1.021678,1.017902,0.018211
11,ridge,bruto,True,0,1.0,4,-1.263723,2,80,0.03,100,16,True,True,True,True,True,False,False,True,False,False,1.016665,1.019946,1.005509,1.022263,1.020942,1.022247,1.014372,1.021485,1.017929,0.018458
11,ridge,bruto,True,0,1.0,4,-1.274182,2,80,0.02,100,16,True,True,True,True,True,False,False,True,False,False,1.016676,1.019952,1.005502,1.022262,1.020943,1.022246,1.014373,1.021487,1.01793,0.018459
11,ridge,bruto,True,0,1.0,4,-1.044079,2,80,0.03,100,16,True,False,True,True,True,False,False,False,True,False,1.016523,1.020038,1.005673,1.022526,1.020618,1.022372,1.014271,1.021646,1.017958,0.018357
11,ridge,bruto,True,0,1.0,4,-1.044079,2,80,0.03,100,16,True,True,True,True,True,False,False,False,True,False,1.016485,1.019926,1.005735,1.02242,1.020866,1.022384,1.014362,1.021577,1.017969,0.018447
11,ridge,bruto,True,0,1.0,4,-1.263723,4,80,0.03,400,16,True,True,True,True,True,False,True,False,False,False,1.016705,1.01997,1.005608,1.022261,1.021008,1.022268,1.01444,1.0215,1.01797,0.018526
11,ridge,bruto,True,0,1.0,4,-1.263723,2,80,0.1,100,16,True,False,True,True,True,True,False,False,True,False,1.016929,1.020092,1.00557,1.022333,1.020893,1.022304,1.014464,1.021576,1.01802,0.01855
11,ridge,bruto,True,0,1.0,2,-0.901425,2,200,0.1,400,4,True,True,True,True,True,True,True,True,True,False,1.016121,1.019922,1.005966,1.022572,1.021174,1.022529,1.01442,1.021674,1.018047,0.018506
11,ridge,bruto,True,0,1.0,4,-1.333589,2,40,0.03,300,8,True,False,True,True,True,True,False,False,True,False,1.017031,1.020149,1.005561,1.022348,1.020922,1.022317,1.014504,1.021605,1.018055,0.01859
11,ridge,bruto,True,0,1.0,4,-1.080856,3,80,0.03,100,16,True,True,True,True,True,True,False,False,True,False,1.016709,1.019919,1.005836,1.022339,1.021175,1.022402,1.014573,1.021553,1.018063,0.018659
11,ridge,bruto,True,0,1.0,4,-1.263723,2,80,0.03,100,16,True,False,True,True,True,True,False,True,False,False,1.016955,1.020078,1.005653,1.022381,1.021021,1.022319,1.014543,1.021593,1.018068,0.018629
11,ridge,bruto,True,0,1.0,4,-1.044079,2,80,0.03,100,16,True,True,True,True,True,False,True,True,False,False,1.016573,1.019936,1.005948,1.022476,1.02111,1.022412,1.014544,1.021608,1.018076,0.018629
11,ridge,bruto,True,0,1.0,4,-1.082192,2,120,0.01,100,16,True,False,True,True,True,True,False,False,False,True,1.016863,1.020044,1.005915,1.022476,1.021218,1.022427,1.014665,1.021649,1.018157,0.018751
11,ridge,bruto,True,0,1.0,2,-1.375704,2,80,0.1,100,16,True,False,True,True,True,True,False,False,False,False,1.016862,1.020366,1.005725,1.022648,1.021103,1.022485,1.014563,1.021833,1.018198,0.018649
11,ridge,bruto,True,0,1.0,4,-0.941593,3,20,0.03,100,16,True,True,True,True,True,True,False,False,True,False,1.016656,1.019949,1.006157,1.022557,1.021328,1.022589,1.014714,1.021699,1.018206,0.018799
11,ridge,bruto,True,0,1.0,4,-1.453991,2,80,0.1,100,16,True,False,True,True,False,True,False,False,True,False,1.017408,1.02033,1.005846,1.022494,1.021191,1.022265,1.014815,1.021696,1.018256,0.0189
11,ridge,bruto,True,0,1.0,4,-1.49427,2,80,0.1,400,4,True,True,True,True,True,True,False,False,True,True,1.01721,1.020315,1.006013,1.022483,1.021542,1.022504,1.014922,1.021767,1.018344,0.019007
11,ridge,bruto,True,0,1.0,4,-0.886327,2,80,0.1,100,16,True,False,True,True,False,True,False,True,True,False,1.016906,1.020143,1.00647,1.022835,1.021278,1.022514,1.014885,1.021831,1.018358,0.01897
11,ridge,bruto,True,0,1.0,8,-0.882333,2,80,0.03,100,16,True,True,True,True,True,True,False,True,True,False,1.017133,1.020171,1.006663,1.022849,1.021586,1.022828,1.015128,1.021949,1.018538,0.019213
11,ridge,bruto,True,0,1.0,4,-1.523376,2,80,0.1,400,16,True,False,False,True,True,False,False,False,False,False,1.017797,1.020618,1.00642,1.02298,1.021637,1.022871,1.015285,1.022156,1.01872,0.01937
11,ridge,bruto,True,0,1.0,4,-0.579736,2,80,0.03,100,16,True,False,True,True,True,True,False,True,True,False,1.01683,1.020345,1.007283,1.023542,1.021659,1.023312,1.015257,1.022399,1.018828,0.019343
11,ridge,bruto,True,0,1.0,4,-1.220362,2,80,0.03,100,16,True,False,True,False,True,True,False,False,True,False,1.01774,1.020633,1.006864,1.023129,1.021879,1.023127,1.015494,1.022297,1.018895,0.01958
11,ridge,bruto,True,0,1.0,8,-1.057997,2,200,0.03,100,16,True,True,False,True,True,True,False,True,True,False,1.017807,1.020395,1.00705,1.02309,1.022209,1.023185,1.015689,1.022223,1.018956,0.019774
11,ridge,bruto,True,0,1.0,2,-0.553382,2,20,0.01,400,4,True,True,False,True,True,True,True,True,True,False,1.016697,1.020296,1.007894,1.023916,1.022628,1.023868,1.01574,1.022693,1.019216,0.019825
11,ridge,diff,True,0,1.0,4,-0.510073,3,80,0.03,100,16,True,False,True,True,True,True,False,False,True,False,1.017363,1.020471,1.007603,1.023653,1.023242,1.0239,1.01607,1.022675,1.019372,0.020155
11,ridge,bruto,True,20,1.0,4,-0.380515,2,80,0.05,100,16,True,False,True,True,True,False,True,False,True,False,1.017143,1.019755,1.010786,1.025763,1.023695,1.023667,1.017208,1.023061,1.020135,0.021294
11,ridge,bruto,False,0,1.0,4,-0.886327,4,80,0.03,100,16,True,False,True,True,True,True,False,True,True,False,1.020818,1.023274,1.008824,1.025402,1.023115,1.024696,1.017586,1.024457,1.021021,0.021671
11,ridge,bruto,False,39,1.0,4,-1.219923,2,80,0.01,400,4,True,False,True,True,True,True,False,True,False,True,1.020951,1.023322,1.009017,1.025498,1.023448,1.024801,1.017805,1.02454,1.021173,0.021891
11,hgb,bruto,True,0,1.0,4,-1.245118,3,80,0.05,100,16,True,True,True,False,True,True,False,False,False,True,1.020165,1.022272,1.010148,1.025748,1.024551,1.024996,1.018288,1.024338,1.021313,0.022374
11,knn,bruto,True,0,1.0,4,-1.797727,3,80,0.05,100,16,True,True,False,True,True,False,True,False,True,False,1.025947,1.029778,1.01625,1.032848,1.028888,1.032053,1.023695,1.03156,1.027627,0.027781
12,ridge,diff,True,0,1.0,4,-1.263723,2,80,0.1,100,16,True,False,True,True,True,False,True,True,True,False,1.016781,1.020113,1.005137,1.02228,1.020657,1.022165,1.014192,1.021519,1.017855,0.018277
12,ridge,bruto,True,0,1.0,4,-1.263723,2,80,0.03,100,16,True,False,True,True,True,False,False,False,True,False,1.016679,1.020077,1.005312,1.022313,1.020544,1.022234,1.014178,1.021541,1.01786,0.018263
12,ridge,bruto,True,0,1.0,4,-1.263723,2,80,0.03,100,16,True,False,True,True,True,False,False,False,True,False,1.016679,1.020077,1.005312,1.022313,1.020544,1.022234,1.014178,1.021541,1.01786,0.018263
12,ridge,diff,True,0,1.0,4,-1.263723,2,80,0.03,400,16,True,False,True,True,True,False,False,False,False,False,1.016707,1.020026,1.005321,1.022306,1.020806,1.022145,1.014278,1.021492,1.017885,0.018364
12,ridge,bruto,True,0,1.0,2,-1.263723,3,200,0.03,100,16,True,True,True,True,True,False,False,True,False,False,1.016293,1.020083,1.005367,1.022389,1.020877,1.022326,1.014179,1.021599,1.017889,0.018265
12,ridge,bruto,True,0,1.0,4,-1.125152,2,80,0.03,100,16,True,False,True,True,True,False,False,True,True,False,1.016576,1.020045,1.005484,1.022423,1.02055,1.022296,1.014203,1.021588,1.017896,0.018289
12,ridge,bruto,True,0,1.0,2,-1.263723,2,200,0.03,400,16,True,False,True,True,True,False,False,True,False,False,1.016338,1.020187,1.005398,1.022531,1.020642,1.022317,1.014126,1.021678,1.017902,0.018211
12,ridge,bruto,True,0,1.0,2,-0.901425,2,80,0.03,400,16,True,False,True,True,True,False,False,False,False,False,1.015855,1.019955,1.005822,1.022756,1.020678,1.022452,1.014118,1.021721,1.01792,0.018204
12,ridge,bruto,True,0,1.0,4,-1.263723,2,200,0.1,400,16,True,False,True,True,True,False,False,False,False,False,1.016685,1.02004,1.005527,1.022371,1.020719,1.022228,1.01431,1.021546,1.017928,0.018396
12,ridge,bruto,True,0,1.0,4,-1.263723,2,80,0.03,100,16,True,True,True,True,True,False,False,True,False,False,1.016665,1.019946,1.005509,1.022263,1.020942,1.022247,1.014372,1.021485,1.017929,0.018458
12,ridge,bruto,True,0,1.0,4,-1.044079,2,40,0.03,100,16,True,False,True,True,True,False,False,False,True,False,1.016523,1.020038,1.005673,1.022526,1.020618,1.022372,1.014271,1.021646,1.017958,0.018357
12,ridge,bruto,True,0,1.0,4,-1.193454,4,80,0.03,300,16,True,True,True,True,True,False,True,False,False,False,1.016636,1.019936,1.00568,1.022293,1.021024,1.022287,1.014447,1.021505,1.017976,0.018532
12,ridge,diff,True,0,1.0,2,-1.080729,2,200,0.02,400,16,True,True,True,True,False,False,True,True,False,False,1.016242,1.020038,1.005513,1.022579,1.02123,1.022442,1.014328,1.021686,1.018007,0.018414
12,ridge,bruto,True,0,1.0,4,-1.044079,2,80,0.03,100,16,True,True,True,True,True,True,False,False,False,True,1.016729,1.019925,1.005962,1.022404,1.021413,1.02246,1.014701,1.021597,1.018149,0.018787
12,ridge,bruto,True,0,1.0,4,-0.972167,2,200,0.03,400,16,True,False,True,True,True,True,False,False,True,False,1.016708,1.020051,1.00603,1.022612,1.021024,1.022522,1.014587,1.021728,1.018158,0.018673
12,ridge,diff,True,0,1.0,4,-1.333589,2,80,0.03,300,16,True,False,True,True,False,True,False,True,False,False,1.017482,1.020207,1.005947,1.022507,1.022059,1.022538,1.015163,1.02175,1.018456,0.019248
12,ridge,bruto,True,20,1.0,4,-1.080856,3,80,0.03,100,16,True,True,True,True,True,False,False,False,True,False,1.016611,1.019174,1.008313,1.023442,1.022155,1.022236,1.015693,1.021617,1.018655,0.019779
12,ridge,bruto,True,0,1.0,4,-1.68436,3,120,0.03,100,16,True,False,True,True,True,True,True,True,True,True,1.017827,1.020843,1.006317,1.022996,1.021623,1.022851,1.015256,1.02223,1.018743,0.019341
12,ridge,bruto,True,0,1.0,4,-1.453991,4,80,0.03,400,16,True,True,False,True,False,True,True,False,True,False,1.017926,1.02053,1.006694,1.022862,1.022008,1.022776,1.015543,1.022056,1.018799,0.019628
12,ridge,diff,True,0,1.0,4,-0.779675,2,40,0.1,100,16,True,False,True,True,True,True,False,False,True,False,1.017204,1.020216,1.006708,1.02297,1.022539,1.023191,1.015483,1.022125,1.018804,0.019569
12,ridge,bruto,True,39,1.0,4,-1.263723,2,200,0.03,100,4,True,False,True,True,False,False,False,False,True,False,1.017537,1.019699,1.008316,1.023619,1.022077,1.022177,1.015977,1.021832,1.018904,0.020062
12,ridge,bruto,True,0,1.0,4,-1.523376,2,80,0.1,400,4,True,False,False,True,True,True,False,False,False,True,1.018262,1.020751,1.006683,1.023066,1.022208,1.023099,1.015718,1.022305,1.019012,0.019803
12,mlp,bruto,True,0,1.0,4,-1.263723,2,80,0.03,400,8,True,False,True,True,True,False,True,False,False,False,1.018118,1.020621,1.007253,1.023553,1.021741,1.023208,1.015704,1.022461,1.019082,0.019789
12,ridge,bruto,True,39,1.0,4,-1.125152,4,80,0.1,100,16,True,True,True,True,False,True,False,False,True,False,1.017559,1.019564,1.008848,1.023662,1.022688,1.022227,1.016365,1.021818,1.019091,0.020451
12,ridge,diff,True,0,1.0,2,-0.533753,2,80,0.1,400,16,True,True,False,True,False,True,False,False,True,False,1.016899,1.020383,1.00799,1.023999,1.023778,1.02421,1.016222,1.022864,1.019543,0.020308
12,ridge,bruto,True,39,1.0,4,-0.472148,3,80,0.03,100,16,True,False,True,True,True,True,False,False,True,False,1.017474,1.01979,1.010117,1.02509,1.023321,1.023344,1.01697,1.022742,1.019856,0.021056
12,hgb,bruto,True,0,1.0,4,-1.274182,2,80,0.03,400,16,True,True,False,True,True,False,False,True,True,True,1.019618,1.02146,1.008011,1.02517,1.024203,1.024556,1.017277,1.023729,1.020503,0.021363
12,ridge,bruto,False,20,1.0,4,-0.709046,2,200,0.1,100,16,True,False,True,True,True,False,False,False,False,False,1.020549,1.023171,1.008695,1.025345,1.022874,1.024497,1.017373,1.024338,1.020855,0.021458
12,hgb,bruto,True,0,1.0,4,-0.7571,2,80,0.02,200,16,True,True,True,True,True,False,False,True,False,False,1.022522,1.02472,1.013436,1.029016,1.026564,1.02768,1.020841,1.027139,1.02399,0.024926
12,ordinal,bruto,True,0,1.0,2,-1.263723,2,200,0.05,400,16,True,True,True,True,True,True,True,True,False,False,1.024157,1.02522,1.015465,1.028311,1.029948,1.028688,1.02319,1.027406,1.025298,0.027276
12,ridge,bruto,True,0,0.5,4,-1.263723,2,80,0.1,100,16,True,False,False,True,True,True,False,False,False,False,1.026288,1.029675,1.012131,1.03371,1.031817,1.035208,1.023412,1.032864,1.028138,0.027498
12,rf,bruto,True,0,1.0,4,-1.229266,2,80,0.03,100,16,True,False,True,False,True,False,False,True,True,False,1.029544,1.030434,1.02109,1.035243,1.031989,1.033802,1.027541,1.03316,1.03035,0.031626
13,ridge,diff,True,0,1.0,4,-1.263723,2,80,0.1,100,16,True,False,True,True,True,False,True,True,True,False,1.016781,1.020113,1.005137,1.02228,1.020657,1.022165,1.014192,1.021519,1.017855,0.018277
13,ridge,bruto,True,0,1.0,4,-1.263723,2,80,0.03,100,16,True,False,True,True,True,False,False,False,True,False,1.016679,1.020077,1.005312,1.022313,1.020544,1.022234,1.014178,1.021541,1.01786,0.018263
13,ridge,bruto,True,0,1.0,4,-1.263723,2,80,0.03,100,16,True,False,True,True,True,False,False,False,True,False,1.016679,1.020077,1.005312,1.022313,1.020544,1.022234,1.014178,1.021541,1.01786,0.018263
13,ridge,bruto,True,0,1.0,4,-1.263723,2,40,0.03,300,16,True,False,True,True,True,False,False,False,True,False,1.016679,1.020077,1.005312,1.022313,1.020544,1.022234,1.014178,1.021541,1.01786,0.018263
13,ridge,bruto,True,0,1.0,4,-1.263723,2,80,0.1,100,16,True,False,True,True,True,False,False,False,True,False,1.016679,1.020077,1.005312,1.022313,1.020544,1.022234,1.014178,1.021541,1.01786,0.018263
13,ridge,diff,True,0,1.0,4,-1.263723,2,80,0.03,400,16,True,False,True,True,True,False,False,False,False,False,1.016707,1.020026,1.005321,1.022306,1.020806,1.022145,1.014278,1.021492,1.017885,0.018364
13,ridge,bruto,True,0,1.0,4,-1.263723,2,80,0.03,100,16,True,False,True,True,True,False,True,True,True,False,1.016738,1.020126,1.005353,1.02234,1.02057,1.022255,1.01422,1.021574,1.017897,0.018306
13,ridge,diff,True,0,1.0,8,-1.263723,2,80,0.03,400,16,True,False,True,True,True,False,False,False,False,False,1.017014,1.020055,1.005534,1.022323,1.020892,1.022151,1.01448,1.021509,1.017995,0.018566
13,ridge,bruto,True,0,1.0,4,-1.151945,2,80,0.03,100,16,True,False,True,True,True,True,False,False,True,False,1.016806,1.02004,1.005671,1.022377,1.020896,1.022336,1.014458,1.021584,1.018021,0.018543
13,ridge,bruto,True,0,1.0,4,-1.080729,2,80,0.02,400,16,True,False,True,True,True,False,True,True,False,False,1.016624,1.020042,1.005859,1.022548,1.020817,1.02235,1.014433,1.021647,1.01804,0.018519
13,ridge,diff,True,0,1.0,4,-1.263723,3,200,0.02,100,4,True,True,True,True,False,False,True,False,False,False,1.01684,1.020049,1.005623,1.022419,1.021294,1.022361,1.014586,1.02161,1.018098,0.018671
13,ridge,bruto,True,0,1.0,4,-1.222548,2,80,0.1,400,16,True,True,True,True,False,False,True,False,False,False,1.016868,1.020012,1.00584,1.022357,1.021287,1.022237,1.014665,1.021535,1.0181,0.018751
13,ridge,bruto,True,0,1.0,4,-1.008512,4,80,0.03,400,16,True,True,True,True,True,False,False,False,False,True,1.016581,1.019927,1.005989,1.02249,1.021196,1.022456,1.014589,1.021625,1.018107,0.018674
13,ridge,diff,True,0,1.0,4,-1.125152,2,120,0.02,200,16,True,True,True,True,False,False,False,True,False,False,1.016709,1.019991,1.005748,1.022527,1.021295,1.022403,1.014584,1.02164,1.018112,0.018669
13,ridge,bruto,True,0,1.0,2,-1.399049,3,200,0.03,100,16,True,True,True,True,False,False,False,False,False,False,1.016838,1.020329,1.005765,1.022611,1.021337,1.022391,1.014647,1.021777,1.018212,0.018732
13,ridge,bruto,True,0,1.0,2,-0.657005,3,200,0.1,100,16,True,True,True,True,True,True,False,False,False,False,1.015885,1.019895,1.00646,1.023012,1.021615,1.022953,1.014653,1.021953,1.018303,0.018739
13,ridge,bruto,True,0,1.0,4,-1.597086,2,80,0.03,100,16,True,False,True,True,False,False,False,True,False,False,1.017486,1.0205,1.005872,1.022742,1.021264,1.022423,1.014874,1.021888,1.018381,0.018959
13,logit,diff,True,0,1.0,4,-1.109585,2,80,0.1,400,16,True,False,True,True,True,False,True,False,True,False,1.017784,1.020468,1.006243,1.022479,1.021385,1.022392,1.015137,1.021779,1.018458,0.019223
13,ridge,bruto,True,0,1.0,8,-0.901425,2,80,0.03,400,16,True,True,True,True,True,False,False,False,False,False,1.016946,1.02013,1.006663,1.022908,1.021435,1.022731,1.015015,1.021923,1.018469,0.0191
13,ridge,bruto,True,0,1.0,4,-1.263723,2,80,0.1,100,16,True,False,False,True,True,False,True,False,True,False,1.017409,1.0204,1.006207,1.022787,1.021362,1.022795,1.014993,1.021994,1.018493,0.019078
13,ridge,bruto,True,20,1.0,4,-1.124377,3,80,0.03,100,16,True,True,True,True,True,False,False,False,False,False,1.01662,1.019131,1.0083,1.023336,1.02224,1.022158,1.01572,1.021542,1.018631,0.019806
13,ridge,diff,True,0,1.0,4,-1.297539,2,80,0.05,100,16,True,False,True,False,True,False,True,True,True,False,1.017716,1.020702,1.006527,1.022968,1.021628,1.022901,1.01529,1.02219,1.01874,0.019376
13,ridge,diff,True,0,1.0,4,-1.702971,2,80,0.03,300,16,True,False,False,True,True,False,False,False,False,False,1.018201,1.020967,1.006464,1.023247,1.021858,1.023013,1.015508,1.022409,1.018958,0.019593
13,ridge,diff,True,39,1.0,4,-1.310391,2,200,0.1,100,16,True,False,True,True,False,False,True,False,False,True,1.017615,1.019756,1.008245,1.023621,1.022375,1.022335,1.016078,1.021904,1.018991,0.020164
13,ridge,bruto,True,39,1.0,4,-1.125152,4,80,0.03,100,16,True,False,True,True,True,True,True,False,False,False,1.017469,1.019645,1.00881,1.023818,1.022533,1.0225,1.01627,1.021988,1.019129,0.020356
13,ridge,bruto,True,0,0.8,2,-1.282954,2,80,0.03,400,16,True,False,True,True,True,False,False,False,False,False,1.017816,1.021719,1.005842,1.024572,1.021048,1.024136,1.014902,1.023476,1.019189,0.018988
13,ridge,bruto,True,0,0.8,4,-1.634822,2,80,0.01,400,16,True,False,True,True,True,False,False,True,True,False,1.018479,1.021745,1.005606,1.024293,1.021211,1.024006,1.015098,1.023348,1.019223,0.019184
13,ridge,bruto,True,0,1.0,4,-0.98822,2,80,0.03,400,4,True,False,True,False,False,False,False,False,True,True,1.017525,1.020732,1.00801,1.023706,1.022391,1.023337,1.015975,1.022592,1.019284,0.020061
13,ridge,bruto,False,0,1.0,2,-1.044079,3,120,0.03,100,16,True,True,True,True,True,True,True,True,True,True,1.020468,1.023428,1.009575,1.025725,1.02373,1.025006,1.017924,1.02472,1.021322,0.02201
13,ridge,diff,True,0,0.0,4,-0.970594,2,80,0.1,400,16,True,False,True,True,True,False,True,True,False,False,1.026332,1.029718,1.011427,1.033753,1.030918,1.035226,1.022893,1.032899,1.027896,0.026978
13,ridge,bruto,True,39,0.0,4,-1.044079,2,40,0.03,100,16,True,False,True,True,True,False,False,False,True,False,1.028803,1.031359,1.021164,1.040647,1.035791,1.038274,1.028586,1.03676,1.032673,0.032672
13,et,bruto,True,0,1.0,4,-1.125152,2,80,0.03,300,16,True,True,True,True,True,False,False,False,False,False,1.034573,1.036728,1.028549,1.042647,1.038434,1.040604,1.033852,1.039993,1.036923,0.037938
14,ridge,diff,True,0,1.0,4,-1.263723,2,80,0.1,100,16,True,False,True,True,True,False,True,True,True,False,1.016781,1.020113,1.005137,1.02228,1.020657,1.022165,1.014192,1.021519,1.017855,0.018277
14,ridge,bruto,True,0,1.0,4,-1.263723,2,80,0.03,100,16,True,False,True,True,True,False,False,False,True,False,1.016679,1.020077,1.005312,1.022313,1.020544,1.022234,1.014178,1.021541,1.01786,0.018263
14,ridge,bruto,True,0,1.0,4,-1.263723,2,80,0.03,100,16,True,False,True,True,True,False,False,False,True,False,1.016679,1.020077,1.005312,1.022313,1.020544,1.022234,1.014178,1.021541,1.01786,0.018263
14,ridge,bruto,True,0,1.0,4,-1.263723,2,40,0.03,300,16,True,False,True,True,True,False,False,False,True,False,1.016679,1.020077,1.005312,1.022313,1.020544,1.022234,1.014178,1.021541,1.01786,0.018263
14,ridge,diff,True,0,1.0,4,-1.341888,2,20,0.03,100,16,True,False,True,True,True,False,True,False,True,False,1.016849,1.020158,1.005114,1.022262,1.020673,1.022175,1.014212,1.021531,1.017872,0.018297
14,ridge,diff,True,0,1.0,4,-1.263723,6,80,0.02,200,16,True,True,True,True,True,False,False,True,False,False,1.01667,1.01994,1.005347,1.022232,1.021016,1.022184,1.014344,1.021452,1.017898,0.01843
14,ridge,bruto,True,0,1.0,4,-1.076526,2,80,0.03,100,16,True,False,True,True,True,False,True,False,True,False,1.016585,1.020064,1.005662,1.022487,1.020652,1.022351,1.0143,1.021634,1.017967,0.018385
14,ridge,bruto,True,0,1.0,4,-1.263723,2,80,0.03,100,16,True,False,True,True,True,True,False,False,True,False,1.016929,1.020092,1.00557,1.022333,1.020893,1.022304,1.014464,1.021576,1.01802,0.01855
14,ridge,bruto,True,0,1.0,4,-1.201978,2,80,0.03,100,16,True,False,True,True,True,False,True,True,True,True,1.016616,1.020151,1.005815,1.02245,1.020967,1.02235,1.014466,1.02165,1.018058,0.018552
14,ridge,bruto,True,0,1.0,2,-1.399049,2,80,0.03,100,16,True,False,True,True,True,False,False,False,False,False,1.016641,1.020366,1.005539,1.022648,1.020785,1.022423,1.014322,1.021812,1.018067,0.018407
14,ridge,bruto,True,0,1.0,4,-1.008512,4,80,0.03,400,16,True,True,True,True,True,False,False,False,False,False,1.016482,1.019901,1.005974,1.022513,1.021101,1.02244,1.014519,1.021618,1.018068,0.018604
14,ridge,diff,True,0,1.0,4,-1.23345,4,20,0.02,400,16,True,True,True,True,False,False,True,False,False,False,1.016813,1.020033,1.005652,1.022429,1.021302,1.022364,1.014589,1.021609,1.018099,0.018674
14,ridge,bruto,True,0,1.0,4,-1.151945,2,80,0.03,100,16,True,True,True,True,False,False,True,False,False,False,1.01681,1.019989,1.005936,1.022409,1.021315,1.022269,1.014687,1.021555,1.018121,0.018773
14,ridge,bruto,True,0,1.0,4,-0.907043,2,80,0.02,400,16,True,False,True,True,True,False,False,False,True,False,1.016509,1.020092,1.00606,1.022798,1.020762,1.022566,1.014443,1.021819,1.018131,0.018529
14,ridge,bruto,True,0,1.0,4,-1.063058,2,80,0.03,400,16,True,False,True,True,True,True,False,False,False,True,1.016853,1.020045,1.005953,1.0225,1.021231,1.022446,1.014679,1.021664,1.018171,0.018764
14,ridge,bruto,True,0,1.0,2,-1.446656,2,80,0.1,100,16,True,False,True,True,True,False,False,False,True,True,1.016708,1.020515,1.005817,1.022732,1.021031,1.022538,1.014519,1.021928,1.018224,0.018604
14,ridge,bruto,True,0,1.0,2,-1.532619,2,80,0.02,400,16,True,False,True,True,True,False,False,True,False,False,1.01698,1.020611,1.005751,1.022908,1.020954,1.022605,1.014562,1.022041,1.018301,0.018647
14,ridge,diff,True,20,1.0,4,-1.702971,2,80,0.05,300,16,True,False,True,True,True,False,False,False,False,False,1.017202,1.019788,1.007001,1.02278,1.021507,1.022009,1.015236,1.021526,1.018381,0.019322
14,ridge,bruto,True,0,1.0,4,-1.263723,2,80,0.03,200,16,True,False,False,True,True,False,True,False,True,False,1.017409,1.0204,1.006207,1.022787,1.021362,1.022795,1.014993,1.021994,1.018493,0.019078
14,ridge,bruto,True,0,1.0,4,-1.263723,2,80,0.03,100,16,True,False,False,True,False,False,False,False,False,False,1.017393,1.020317,1.006448,1.022833,1.021562,1.022605,1.015135,1.021918,1.018526,0.01922
14,ridge,diff,True,0,1.0,8,-1.263723,2,80,0.03,400,16,True,False,True,True,True,True,False,False,False,True,1.017808,1.020154,1.006089,1.022317,1.022259,1.022533,1.015385,1.021668,1.018527,0.019471
14,ridge,bruto,True,20,1.0,8,-1.306723,2,80,0.03,400,16,True,False,True,True,True,False,False,True,True,False,1.017146,1.019369,1.007903,1.023206,1.021774,1.022048,1.015608,1.021541,1.018574,0.019693
14,ridge,diff,True,0,1.0,4,-1.522345,2,80,0.03,100,16,True,False,True,False,True,False,False,True,True,False,1.018034,1.020904,1.006526,1.023096,1.021692,1.022968,1.015417,1.022323,1.01887,0.019503
14,logit,diff,True,39,1.0,4,-1.083898,2,120,0.03,200,16,True,True,True,True,False,False,False,False,True,False,1.018036,1.019807,1.008598,1.023195,1.022557,1.022318,1.016397,1.021773,1.019085,0.020483
14,ridge,bruto,True,0,0.8,4,-1.572458,3,80,0.03,100,16,True,False,True,True,True,False,False,False,False,False,1.018198,1.021597,1.005756,1.024278,1.021319,1.023921,1.015091,1.023266,1.019178,0.019177
14,ridge,bruto,True,0,1.0,4,-1.008512,2,80,0.03,400,4,True,True,True,False,True,True,False,False,True,True,1.017497,1.020513,1.008089,1.023507,1.022888,1.023534,1.016158,1.022518,1.019338,0.020243
14,hgb,bruto,True,0,1.0,4,-1.263723,3,80,0.1,100,16,True,False,True,True,True,False,False,False,False,False,1.018292,1.021287,1.007593,1.024817,1.023414,1.024391,1.016433,1.023498,1.019966,0.020519
14,ridge,diff,False,0,1.0,8,-1.218239,2,80,0.03,100,16,True,True,True,True,False,False,False,False,True,False,1.020561,1.023095,1.008513,1.025199,1.022958,1.024458,1.017344,1.024251,1.020797,0.021429
14,logit,diff,True,0,1.0,4,-1.704544,2,80,0.05,300,16,True,False,False,True,True,False,True,False,False,False,1.020103,1.022474,1.009343,1.025039,1.023513,1.024611,1.017653,1.024041,1.020847,0.021739
14,ridge,bruto,True,0,0.0,4,-1.118729,2,80,0.03,100,16,True,False,True,True,False,False,False,True,True,False,1.024969,1.028953,1.011761,1.033436,1.028223,1.032746,1.021651,1.031712,1.026681,0.025737
14,ordinal,diff,True,0,1.0,0,-1.642178,2,80,0.05,200,16,True,False,True,True,False,False,False,False,False,False,1.027448,1.027503,1.019745,1.03148,1.036464,1.034099,1.027885,1.031027,1.029456,0.031971
14,et,bruto,True,0,1.0,4,-1.080729,2,80,0.1,400,16,True,True,True,True,True,False,True,False,False,False,1.034857,1.036638,1.028702,1.042412,1.038206,1.04087,1.033922,1.039974,1.036948,0.038007
